post_id,timestamp,platform,category,target,poster,post_url,title,text,content_hash,engagement_score,source_tool
d64fb9641a9fa2c6,2025-12-03T09:42:37.933177,facebook,global_intelligence,,"n
d
t
s
e
S
o
o
r
p
l
4
2
u
4
h
m
e
7
0
h
,
a
c
e
6
Â 
3
2
0
m
a
g
m
u
i
e
2
Â 
4
u
5
i
1
0
0
h
r
b
3
a
9
i
4
8
8
a
D
u
3",https://www.facebook.com,,"We are proud to announce the launch of the new company logo in upcoming days with new look.
We are ready to step into next mile stone.â€¦ See more",d64fb9641a9fa2c6da179d58703096399c32ae9d60e513a81fd9ff7e5d890df6,0,scrape_facebook
fcc3171e1b058291,2025-12-03T09:42:39.081102,facebook,global_intelligence,,HiMill D1/D1S Launch Group,https://www.facebook.com,,"Dear Backers,
Thank you so much for your attention to the MaxMake project, and even more for your honest questions. We fully understand your concern regarding the relatively short establishment time of our Hong Kong company. This caution actually reminds us to share the story behind us more clearly.
Regarding the company qualifications you are concerned about, MAXMAKE is neither a fictional entity nor a ""new company"" starting from scâ€¦ See more",fcc3171e1b058291d86d1e084b10c5ba20f87abecb27cacfa84fe3303d01ecd8,0,scrape_facebook
5d6d7ea66266c457,2025-12-03T09:42:39.607699,facebook,global_intelligence,,Auto Recruiter AI,https://www.facebook.com,,Hereâ€™s why automatically matching companies with their dream employees on LinkedIn using A.I. systems is the best way to build an online business  in 2025. â€¦ See more,5d6d7ea66266c4576de5a4527061251c2f3eb1e13ad0fd6edbaa8cc2e9c66a24,0,scrape_facebook
df8edb1e721d7b02,2025-12-03T09:42:40.170817,facebook,global_intelligence,,NP Media Group,https://www.facebook.com,,Stop scrolling. Use your smartphone addiction to start a business.â€¦ See more,df8edb1e721d7b02223a7a77d0d980d01f3a27b13640cdf448ad6c065a155052,0,scrape_facebook
9d70a0e154c903bd,2025-12-03T09:42:40.672214,facebook,global_intelligence,,Pharma Update Pakistan,https://www.facebook.com,,"Job Opportunity â€“ Director Marketing & Sales (Islamabad)
Position: Director Marketing & Sales | Pharmaceuticals
Location: Islamabad.
Experience: 10â€“15 Years from reputable companies
Education: Masterâ€™s degree in Marketing, MBA. Pharm D.â€¦ See more",9d70a0e154c903bd13f3b74bec8ec36e48e601aeab6dcb4fb7c36d52f7b5e7e9,0,scrape_facebook
0e74a65a7c40fd99,2025-12-03T09:42:41.139576,facebook,global_intelligence,,Totally Local Lancaster,https://www.facebook.com,,"WE ARE ALL UNIQUE, LET'S CELEBRATE
When someone has an official launch of a new product, initiative or business, they always worry about the uptake.  Will people turn up ?  Will what we are offering or selling take off ?
The Gallery at The Storey has a high capacity, and to learn that this Launch is fully booked is quite extraordinary.  â€¦ See more",0e74a65a7c40fd99557b21436085415a07029f0e08bbe9f094afdbcdae0d59f5,0,scrape_facebook
56199757ba492eab,2025-12-03T09:42:41.529558,facebook,global_intelligence,,Totally Local Lancaster,https://www.facebook.com,,"Update!!
We are full!â€¦ See more",56199757ba492eabe86525e7fc10ca7f13d7992d713e7be232f10b9a6911f28e,0,scrape_facebook
8cb088abe4763cbc,2025-12-03T09:42:41.964190,facebook,global_intelligence,,Emprende Con Fito,https://www.facebook.com,,"Acelerador PDF Revelado
Câ€¦ See more",8cb088abe4763cbc10d16676aafe5aca41ae126f633888bf1a3ebf4150b443ff,0,scrape_facebook
b2ac08d9d0ae28e1,2025-12-03T09:42:42.383621,facebook,global_intelligence,,Leith Billboard,https://www.facebook.com,,https://www.facebook.com/profile.php?id=61569012340516&mibextid=wwXIfr,b2ac08d9d0ae28e194eec6e4ebd61d41d61efba3cd8022ddbbc7f0e2fcccfe81,0,scrape_facebook
42b1275226fc6ca7,2025-12-03T09:42:43.026753,facebook,global_intelligence,,Walworth County Small Business Group,https://www.facebook.com,,BIG UPDATE @everyone Lake Life LG is moving fully online!â€¦ See more,42b1275226fc6ca7f67b16c53d1e5b8ce58e89f76bd7083c46c32e0f6a8eadcf,0,scrape_facebook
ec63946925200ec1,2025-12-03T05:00:01.000Z,twitter,profile_monitoring,SLT,SLT eSports,https://x.com,,[#SVL2025 GS R1 vs @DRX_VALORANT ] ìš°ë¦¬ë¥¼ ì¦ëª…í•˜ëŠ” ì²« ë‹¨ê³„. The first step in proving us. #SLT #SLTGO #SLTWIN,ec63946925200ec1da4b3e4dccdca74ed48a61a36943abf167999a6eb47ca75d,0,scrape_twitter
4d4807c83a2d9772,2025-12-03T09:35:54.000Z,twitter,profile_monitoring,SLT,VCT Pacific,https://x.com,,. @KlausVLRT gets SLT Seongnam to 9 as he claims 3 crucial kills,4d4807c83a2d977236c56cc169617ed7a8173a9018d5b02d9e6506f7967a2c0e,0,scrape_twitter
3289e3f640400ff6,2025-12-03T08:11:16.000Z,twitter,profile_monitoring,SLT,VCT Pacific,https://x.com,,. @C1ndeR_vlrt gets a 3K to secure the bonus for SLT Seongnam!,3289e3f640400ff61fa897f2359ea87104aa6f0da0438c04a076257508bedc63,0,scrape_twitter
6bb61c9e52296a9b,2025-12-03T08:08:36.000Z,twitter,profile_monitoring,SLT,332,https://x.com,,@SLT_eSports @DRX_VALORANT SVL í™”ì´íŒ…,6bb61c9e52296a9bbff61cb7b3a0e1908301eef1222a2efa11bd053a364b08f9,0,scrape_twitter
b312cac70183c38f,2025-12-03T08:22:30.000Z,twitter,profile_monitoring,SLT,VCT Pacific,https://x.com,,The tried and tested @DRX_VALORANT roster will be going against the newly ascended @SLT_eSports at #SVL2025,b312cac70183c38f00d3ff123c36f1811d801b21de704531e6981939c4671053,0,scrape_twitter
aa9df904595f0a6d,2025-12-02T08:15:00.000Z,twitter,profile_monitoring,Mobitel,Netcracker,https://x.com,,Long-term customer @slt_mobitel has consolidated its IT infrastructure on Netcracker Digital BSS to support billing and revenue management functions across its mobile and fixed lines of business and drive new and innovative services. https:// netcracker.com/news/press-rel eases/netcracker-completes-revenue-management-modernization-for-slt-mobitel.html â€¦ #revenue #BSS,aa9df904595f0a6ded636694f8e68b91ec86b03cc64246fd02ff6467820d30f2,0,scrape_twitter
bdbe1a2bb8c175a7,2025-12-03T04:21:08.000Z,twitter,profile_monitoring,Mobitel,SLTMobitel,https://x.com,,Celebrating the heroes who kept the nation connected! Thank you for your unfailing dedication and commitment. #SLTMobitel #TheConnection #KeepingSriLankaConnected,bdbe1a2bb8c175a7d5d921381c49f32cf34c3aa47d262503bc38eda91119632e,0,scrape_twitter
7ea9c77f4325dea8,2025-11-30T04:18:33.000Z,twitter,profile_monitoring,Mobitel,Rasal Jayasinghe,https://x.com,,#Kandy Long queues seen at KCC to get a Mobitel Sim. Get it online: https:// esim.sltmobitel.lk/eSimCustomerPo rtal/#/ â€¦ Comes to your email in under 1 min. Stay safe! #WeatherUpdate #lka #SrilankaWeather #SriLankaFlood #CycloneDitwa,7ea9c77f4325dea82ac4526f0a8474a98c901355a0b7a11318a61b9f2f786e2d,0,scrape_twitter
d813aa93baba3dda,2025-12-01T20:46:01.000Z,twitter,profile_monitoring,Mobitel,Namila,https://x.com,,"Mobitel, SLT fiber down",d813aa93baba3ddaae32aa79b30c8b245892e5867789ad93f018fef6375ae471,0,scrape_twitter
f11f78d32b003d1a,2025-11-28T05:41:42.000Z,twitter,profile_monitoring,Mobitel,KUKI,https://x.com,,"Odlicno ! Zanima me,kako ce dostavljati e-racune onima koji nemaju mobitel ili kompjuter?",f11f78d32b003d1af414cbc9ddfe956b88a27701ca2dc761af371327dfd3bd31,0,scrape_twitter
567ed0a31cdb1e6b,2025-12-01T17:16:39.000Z,twitter,profile_monitoring,Daraz,ali.,https://x.com,,Ordered Tipu Sultan Painting from Daraz . ORDER DELIVERY,567ed0a31cdb1e6b74dc3d89cc81746a90a05c51360c95b6e88f547f0c924330,0,scrape_twitter
6625b99b6951c40f,2025-12-01T14:17:52.000Z,twitter,profile_monitoring,Daraz,Umar Daraz Gondal,https://x.com,,Ø¨ÛŒØ±Ø³Ù¹Ø± Ú¯ÙˆÛØ± Ù„Ú¯ØªØ§ Ø¢Ø¬ Ø®ØµÙˆØµÛŒ ØªÛŒØ§Ø±ÛŒ Ú©Ø±Ú©Û’ Ø¢Ø¦Û’ ØªÚ¾Û’ !,6625b99b6951c40f4e9c333c45c24166b9f30947257e0e0ff7ef47bfec0cc6a2,0,scrape_twitter
2b846bb9dc42ccf2,2025-12-02T13:16:23.000Z,twitter,profile_monitoring,Daraz,Umar Daraz Gondal,https://x.com,,Ù¾Ø§Ú©Ø³ØªØ§Ù† Ú©ÛŒ Ø¨ÛØ§Ø¯Ø± Ø®ÙˆØ§ØªÛŒÙ† Ú©Û’ Ù†Ø§Ù… !,2b846bb9dc42ccf2e8be9397bf29db0cdba03846e4e9bb0688df48a3c2fbabb5,0,scrape_twitter
ad19fcdf86f0feaf,2025-11-30T14:03:11.000Z,twitter,profile_monitoring,Daraz,Salman,https://x.com,,65k delivery charges wtf is wrong with Daraz,ad19fcdf86f0feaf22c9be1d1344ba86b3bde5d4a16ccf914a882367eed924df,0,scrape_twitter
0fc02178f1afd11a,2025-11-26T06:49:04.000Z,twitter,profile_monitoring,Daraz,ğ’ğšğ¥ğ¦ğš ğ˜ğ®ğ¬ğ®ğŸ,https://x.com,,Daraz 11.11 Sale Disclaimer: This post is for information only; all offers are by Daraz. Terms and conditions may apply. #daraz #laptops #1111sale,0fc02178f1afd11aac9a0e4a0ac11b2f269e78e72bc5ac8006e0ebda1d0cfffa,0,scrape_twitter
d2dc9af250bce94e,2025-08-06T12:13:21.000Z,twitter,profile_monitoring,Wow.lk,Skiess ãƒ„,https://x.com,,wow lk went to boxing TRUE LOVE WITH LK 06 #lookkaewkamollak,d2dc9af250bce94eaac5f70f844331f9fc2d171ebf66f05c22669df480718a75,0,scrape_twitter
49c47cbc491ad832,2025-06-07T02:54:10.000Z,twitter,profile_monitoring,Wow.lk,âŸ­âŸ¬Vinoâ· ì•„í¬ë°©í¬monoâ·â¼Â¹,https://x.com,,https:// applink.wow.lk/3XXV5qBQJdKEcH 9V6 â€¦,49c47cbc491ad832b536c3cb22ba54113ffc9d32b35df9818b4c5fd7219274ac,0,scrape_twitter
9b769d7a178b4130,2025-08-11T10:49:54.000Z,twitter,profile_monitoring,Wow.lk,Skiess ãƒ„,https://x.com,,wow lk in glasses TRUE LOVE WITH LK 11 #lookkaewkamollak,9b769d7a178b41306529c7a0f82455e126fd6b3cf34137a6da1f163c4d44cc61,0,scrape_twitter
41c2c269df7eaebc,2025-01-14T13:43:10.000Z,twitter,profile_monitoring,Wow.lk,ã‚³ã‚¡ã‚¤,https://x.com,,WOW LK KANINO KA NAGPAKASAL KAY HANNIE?,41c2c269df7eaebcef5cf094eff2d42506c1e79e493febd23a685398e885f553,0,scrape_twitter
c2023f12710cc8f4,2024-08-31T05:43:13.000Z,twitter,profile_monitoring,Wow.lk,ErPolow,https://x.com,,El m4ln4cid0 que le puso el Loot Rate a los Icor Embalsamante de esta misiÃ³n de WoW LK ojala se mv3r4,c2023f12710cc8f43c2920329c6d99b17e5ed62a22fc51bb342a2d29e67de41a,0,scrape_twitter
9cd25e3e93454011,2025-12-03T09:42:53.669122,linkedin,profile_monitoring,,"Fayas Ismail
Fayas Ismail",https://www.linkedin.com,,"Ampara district is facing a power outage for last 5 days. It is caused by cyclone ditwah, the crisis entire country is facing now. Two hours late since power went off Dialog Axiata PLC network started to fail. In next 3 hours no services for users in the region. Dialog is the primary telco for the majority of the customers. The impact is huge, the region got disconnected with rest of the island and world during natural disaster situation in the country. The service outage caused by power outage, however Dialog infrastructure is not equipped with backup generators. Only with backup batteries to last few hours. It is been 5 nights now and service is still not available.
In the other end SLT Mobitel and Hutch provides uninterrupted services using backup power generators. The question is why Dialog doesnâ€™t have backup generators in place in their base stations? Why it is not available in a critical infrastructure by the largest telco operator in the country?
There is no ETA on power restoration. It would take couple of days as per some reports since damage to power grid infrastructure is huge. Dialog had no intention to restore power services by using alternative power sources until now.
I am using a SLT Mobitel connection now for connectivity. However my primary number is with Dialog and no way to access it. Many are struggling to do a fund transfer or to login to services because no way to receive OTPs.
Dialog has damaged its reputation with their negligence in this matter. Ampara region didnâ€™t have any major flood situation and road access are good and transport services are operating as usual. It is day five while writing this post and no effort to restore the services by Dialog.",9cd25e3e934540119e618d2b775a8054d1c4f5b21b50c3d1eb7a8e96b51452ff,0,scrape_linkedin
f5aa6a679b313f0d,2025-12-03T09:42:54.335157,linkedin,profile_monitoring,,"Nazer K
Nazer K",https://www.linkedin.com,,"ÙŠØ³Ø±Ù‘ Ù‚Ø³Ù… Ø§Ù„Ù„ØºØ© Ø§Ù„Ø¹Ø±Ø¨ÙŠØ© Ø¨ÙƒÙ„ÙŠØ© Ø¯Ø§Ø± Ø§Ù„Ø¹Ù„ÙˆÙ… Ø§Ù„Ø¹Ø±Ø¨ÙŠØ© â€“ ÙˆØ§ÙŠÙƒØ§Ø¯
ÙˆØ¨Ø§Ù„ØªØ¹Ø§ÙˆÙ† Ù…Ø¹ Ù‚Ø³Ù… Ø§Ù„Ù„ØºØ© Ø§Ù„Ø¹Ø±Ø¨ÙŠØ© Ø¨Ø¬Ø§Ù…Ø¹Ø© ÙƒØ§Ù„ÙŠÙƒÙˆØª â€“ Ø§Ù„Ù‡Ù†Ø¯
Ø£Ù† ÙŠØ¯Ø¹ÙˆÙƒÙ… Ø¥Ù„Ù‰ Ø­Ø¶ÙˆØ± Ø§Ù„Ù†Ø¯ÙˆØ© Ø¶Ù…Ù† Ø³Ù„Ø³Ù„Ø© Ø§Ù„Ù†Ø¯ÙˆØ§Øª Ø§Ù„Ø¯ÙˆÙ„ÙŠØ© Ø¨Ø¹Ù†ÙˆØ§Ù†:âœ¨ Ø¢ÙØ§Ù‚ Ø§Ù„Ù„ØºØ© Ø§Ù„Ø¹Ø±Ø¨ÙŠØ© âœ¨
Ø§Ù„Ø¬Ù„Ø³Ø© Ø§Ù„Ø®Ø§Ù…Ø³Ø© Ø­ÙˆÙ„
ğŸ™ï¸ Ø§Ù„Ø£Ø®Ø·Ø§Ø¡ Ø§Ù„Ø´Ø§Ø¦Ø¹Ø© ÙÙŠ Ø§Ù„Ø¹Ø±Ø¨ÙŠØ©
ğŸ“… Ø§Ù„Ø¬Ù…Ø¹Ø©ØŒ 28 Ù†ÙˆÙÙ…Ø¨Ø± 2025Ù…
ğŸ•£ Ø§Ù„ÙˆÙ‚Øª: 08:30 Ù…Ø³Ø§Ø¡Ù‹ (Ø¨ØªÙˆÙ‚ÙŠØª Ø§Ù„Ù‡Ù†Ø¯)
ğŸ“š Ø­Ø¶ÙˆØ±ÙƒÙ… ÙŠØ´Ø±ÙÙ†Ø§ ÙˆÙŠØ«Ø±ÙŠ Ø§Ù„Ø­ÙˆØ§Ø±.
ğŸ”— Ù„Ù…Ù† ÙŠØ±ØºØ¨ ÙÙŠ Ø§Ù„Ø­ØµÙˆÙ„ Ø¹Ù„Ù‰ Ø±Ø§Ø¨Ø· Ø§Ù„Ø­Ø¶ÙˆØ± Ø£Ùˆ Ø±Ø§Ø¨Ø· Ø§Ù„ØªØ³Ø¬ÙŠÙ„ØŒ Ø§Ù„Ø±Ø¬Ø§Ø¡ Ø§Ù„ØªÙˆØ§ØµÙ„ Ù…Ø¹ÙŠ Ù…Ø¨Ø§Ø´Ø±Ø© Ø¹Ø¨Ø± Ø§Ù„Ø±Ø³Ø§Ø¦Ù„.
hashtag
#Ø§Ù„Ù„ØºØ©_Ø§Ù„Ø¹Ø±Ø¨ÙŠØ©
hashtag
#ØªØ¹Ù„ÙŠÙ…_Ø§Ù„Ù„ØºØ©_Ø§Ù„Ø¹Ø±Ø¨ÙŠØ©
hashtag
#Ù…Ø­Ø§Ø¶Ø±Ø§Øª_Ø¹Ø±Ø¨ÙŠØ©
hashtag
#Ù†Ø¯ÙˆØ§Øª_Ø¹Ø±Ø¨ÙŠØ©
hashtag
#Ù…Ø¤ØªÙ…Ø±_Ø¹Ø±Ø¨ÙŠ
hashtag
#Ø¹Ø±Ø¨ÙŠØ©_Ø¨Ù„Ø§_Ø­Ø¯ÙˆØ¯
hashtag
#Ø§Ù„Ø¹Ø±Ø¨ÙŠØ©_Ø­ÙˆÙ„_Ø§Ù„Ø¹Ø§Ù„Ù…
hashtag
#Ø£Ø¨Ø­Ø§Ø«_Ù„ØºÙˆÙŠØ©
hashtag
#Ø¯Ø±Ø§Ø³Ø§Øª_Ø¹Ø±Ø¨ÙŠØ©
hashtag
#Ù…Ù‡Ø§Ø±Ø§Øª_Ø§Ù„ØªÙˆØ§ØµÙ„
hashtag
#ØªØ·ÙˆÙŠØ±_Ù„ØºÙˆÙŠ
hashtag
#Ù„Ø³Ø§Ù†ÙŠØ§Øª_Ø¹Ø±Ø¨ÙŠØ©
hashtag
#Ø·Ù„Ø§Ø¨_Ø§Ù„Ù„ØºØ©_Ø§Ù„Ø¹Ø±Ø¨ÙŠØ©
hashtag
#Ù„ØºÙˆÙŠØ§Øª
hashtag
#Ø¨Ù„Ø§ØºØ©
hashtag
#Ø¨ÙŠØ§Ù†
hashtag
#ÙØµØ§Ø­Ø©
hashtag
#Ø¹Ø±Ø¨ÙŠØ©_ÙØµÙŠØ­Ø©
hashtag
#Ù†Ø­Ùˆ
hashtag
#ØµØ±Ù
hashtag
#Ø£Ø¯Ø¨_Ø¹Ø±Ø¨ÙŠ
hashtag
#ØªØ§Ø±ÙŠØ®_Ø§Ù„Ù„ØºØ©
hashtag
#Ø«Ù‚Ø§ÙØ©_ÙˆÙ„ØºØ©
hashtag
#Ø¥ØªÙ‚Ø§Ù†_Ø§Ù„Ø¹Ø±Ø¨ÙŠØ©
hashtag
#ØªØ¹Ù„Ù…_Ø¹Ù†_Ø¨Ø¹Ø¯
hashtag
#Webinar
hashtag
#OnlineEvent
hashtag
#ArabicWebinar
hashtag
#ArabicEvent
hashtag
#Ø¬Ø§Ù…Ø¹Ø©
hashtag
#Ù…Ø¤Ø³Ø³Ø§Øª_ØªØ¹Ù„ÙŠÙ…ÙŠØ©
hashtag
#Ø®Ø¨Ø±Ø§Ø¡_Ø§Ù„Ù„ØºØ©
hashtag
#Ø§Ù„ØªÙˆØ§ØµÙ„_Ø§Ù„Ø¹Ø±Ø¨ÙŠ
hashtag
#Ù„ØºØ§Øª_ÙˆØ«Ù‚Ø§ÙØ§Øª
hashtag
#Ø§Ù„ØªØ¹Ù„ÙŠÙ…_Ø§Ù„Ø¬Ø§Ù…Ø¹ÙŠ
hashtag
#Ø¯Ø±Ø§Ø³Ø§Øª_Ø¹Ù„ÙŠØ§
hashtag
#Ø£ÙƒØ§Ø¯ÙŠÙ…ÙŠÙˆÙ†
hashtag
#Ø¨Ø§Ø­Ø«ÙˆÙ†
hashtag
#ØªÙ†Ù…ÙŠØ©_Ù…Ù‡Ø§Ø±Ø§Øª
hashtag
#ProfessionalDevelopment
hashtag
#ArabicAcademics
hashtag
#LanguageLearning
hashtag
#DigitalLearning
hashtag
#EducationEvent
hashtag
#HigherEducation",f5aa6a679b313f0deda5f42a25a2e410ac07ce0ec4b3d163a5f4f8e10cbc4328,0,scrape_linkedin
d594effc69878727,2025-12-03T09:42:54.869946,linkedin,profile_monitoring,,"Al-Multaqa Consultancy
Al-Multaqa Consultancy",https://www.linkedin.com,,"ÙŠÙØ´Ø®Ù‘Øµ Ù…Ø¹Ø¸Ù… Ø§Ù„Ù‚Ø§Ø¯Ø© Ù…Ø´Ø§ÙƒÙ„ Ø§Ù„Ø§Ø³ØªØ±Ø§ØªÙŠØ¬ÙŠØ© ÙÙŠ Ø§Ù„Ø¨Ø¯Ø§ÙŠØ© Ø£Ùˆ Ø§Ù„Ù†Ù‡Ø§ÙŠØ©.
Ù„ÙƒÙ† Ø§Ù„Ø§Ù†Ù‡ÙŠØ§Ø± Ø§Ù„Ø­Ù‚ÙŠÙ‚ÙŠ ØºØ§Ù„Ø¨Ù‹Ø§ Ù…Ø§ ÙŠØ­Ø¯Ø« ÙÙŠ Ù…Ù†ØªØµÙ Ø§Ù„Ø·Ø±ÙŠÙ‚ - Ø¹Ù†Ø¯ ØªØ³Ù„ÙŠÙ… Ø§Ù„Ù…Ù‡Ø§Ù….
ÙÙŠ Ø¨ÙŠØ¦Ø§Øª Ø¯ÙˆÙ„ Ù…Ø¬Ù„Ø³ Ø§Ù„ØªØ¹Ø§ÙˆÙ† Ø§Ù„Ø®Ù„ÙŠØ¬ÙŠ Ø§Ù„Ù…ØªÙ†ÙˆØ¹Ø© Ø«Ù‚Ø§ÙÙŠÙ‹Ø§ØŒ Ù„ÙŠØ³ Ø§Ù„ØªÙˆØ§ØµÙ„ Ø£Ù…Ø±Ù‹Ø§ ""Ù…ÙØ­Ø¨Ø¨Ù‹Ø§""... Ø¨Ù„ Ù‡Ùˆ Ù…Ø§ ÙŠÙØ­Ø§ÙØ¸ Ø¹Ù„Ù‰ Ø§Ù„Ø³Ù„Ø·Ø© ÙˆØ§Ù„Ø«Ù‚Ø© ÙˆØ§Ù„ØªÙˆØ§ÙÙ‚.
Ø£ÙŠÙ† ØªÙÙ‚Ø¯ Ø§Ø³ØªØ±Ø§ØªÙŠØ¬ÙŠØªÙƒ Ø²Ø®Ù…Ù‡Ø§ØŸ Ø´Ø§Ø±Ùƒ ØªØ¬Ø±Ø¨ØªÙƒ Ø£Ø¯Ù†Ø§Ù‡!
hashtag
#StrategyExecution
hashtag
#CulturalNavigation
hashtag
#ExecutiveCompass
hashtag
#AlMultaqaConsultancy
hashtag
#Leadership",d594effc6987872730aa151b397566c7d017de81f9a73bf59bb69d8b9581ebff,0,scrape_linkedin
0c0196cbccc7897a,2025-12-03T09:42:55.358937,linkedin,profile_monitoring,,"SAUDI TECHNOLOGY LEADER
SAUDI TECHNOLOGY LEADER",https://www.linkedin.com,,"Ø±Ù‚ÙŠØ¨ RAQEB
Ø¨Ø±Ù†Ø§Ù…Ø¬ Ø§Ù„Ù…Ø­Ø§Ø³Ø¨Ø© Ø§Ù„Ù…ÙˆØ­Ø¯ Ø§Ù„Ø³Ø­Ø§Ø¨ÙŠ
Ø¥Ø·Ù„Ø§Ù‚ Ø§Ù„Ù†Ø³Ø®Ø© Ø§Ù„ØªØ¬Ø±ÙŠØ¨ÙŠØ© Ø§Ù„Ø£ÙˆÙ„ÙŠØ©
â€“ ÙŠØ³ØªØ­Ù‚ Ø£Ù† ÙŠÙƒÙˆÙ† Ø§Ù„Ø®ÙŠØ§Ø± Ø§Ù„Ø£ÙˆÙ„ Ù„Ù„ØªØ¬Ø§Ø±Ù‡ ÙÙŠ Ø§Ù„Ù…Ù…Ù„ÙƒØ©! Ø£ÙˆÙ„ Ø¨Ø±Ù†Ø§Ù…Ø¬ Ø³Ø¹ÙˆØ¯ÙŠ Ù…ÙˆØ­Ø¯ ÙŠØ±Ø¨Ø· Ø§Ù„ØªØ§Ø¬Ø± ÙˆØ§Ù„Ù…Ø´ØªØ±ÙŠ ÙˆØ§Ù„Ø¬Ù‡Ø§Øª Ø§Ù„Ø±Ø³Ù…ÙŠØ© ÙÙŠ Ù„Ø­Ø¸Ø© ÙˆØ§Ø­Ø¯Ø©.
ğŸ’¡ Ù…ÙŠØ²Ø© ÙØ±ÙŠØ¯Ø© ÙˆÙ…Ø¨ØªÙƒØ±Ø© Ù„Ø§ Ø³Ø§Ø¨Ù‚Ø© Ù„Ù‡Ø§ ÙÙŠ Ø§Ù„Ø³ÙˆÙ‚: Ø¹Ù†Ø¯ Ø§Ù„Ø¯ÙØ¹ Ø§Ù„Ù†Ù‚Ø¯ÙŠ Ø¨Ù…Ø¨Ù„Øº ÙŠØªØ¬Ø§ÙˆØ² 100 Ø±ÙŠØ§Ù„ØŒ ÙŠÙ‚ÙˆÙ… Ø§Ù„Ù…Ø´ØªØ±ÙŠ Ø¨ØªÙ…Ø±ÙŠØ± Ø¨Ø·Ø§Ù‚ØªÙ‡ Ø§Ù„ÙØ¹Ù„ÙŠØ© Ø£Ùˆ Ø§Ù„Ø§ÙØªØ±Ø§Ø¶ÙŠØ© Ø§Ù„Ù‡ÙˆÙŠØ©. Ø¹Ø¨Ø± Ø¬Ù‡Ø§Ø² NFCØŒ Ù„ÙŠØªÙ… Ø§Ù„ØªØ­Ù‚Ù‚ Ø§Ù„ÙÙˆØ±ÙŠ Ù…Ù† Ø§Ù„Ù‡ÙˆÙŠØ© ÙˆØ¥Ø±Ø³Ø§Ù„ ØªÙ‚Ø±ÙŠØ± Ù„Ø­Ø¸ÙŠ Ù„Ù„Ø¬Ù‡Ø§Øª Ø§Ù„Ù…Ø¹Ù†ÙŠØ©ØŒ Ù…Ù…Ø§ ÙŠØ¶Ù…Ù† Ø£Ø¹Ù„Ù‰ Ù…Ø³ØªÙˆÙŠØ§Øª Ø§Ù„Ø´ÙØ§ÙÙŠØ© ÙˆØ§Ù„Ø§Ù…ØªØ«Ø§Ù„.
âœ¨ Ø±Ù‚ÙŠØ¨ Ø§Ù„Ø°ÙƒÙŠ Ø§Ù„Ø­Ù„ Ø§Ù„Ø£Ù…Ø«Ù„ Ù„Ù…Ø´Ø§ÙƒÙ„ Ø§Ù„Ù…ÙˆØ±Ø¯ÙŠÙ†:
ÙÙŠ Ø­Ø§Ù„ ØªØ£Ø®Ø± Ø§Ù„Ø³Ø¯Ø§Ø¯ Ù…Ù† 30 Ø¥Ù„Ù‰ 90 ÙŠÙˆÙ…Ù‹Ø§ØŒ ØªØªØ­ÙˆÙ„ Ø§Ù„ÙØ§ØªÙˆØ±Ø© Ù…Ø¨Ø§Ø´Ø±Ø© Ø¥Ù„Ù‰ Ø³Ù†Ø¯ ØªÙ†ÙÙŠØ° Ø±Ø³Ù…ÙŠ Ø¹Ø¨Ø± ÙˆØ²Ø§Ø±Ø© Ø§Ù„Ø¹Ø¯Ù„ØŒ Ù„ØªØµØ¨Ø­ Ø§Ù„Ù…Ø¯ÙŠÙˆÙ†ÙŠØ© Ø¹Ù„Ù‰ Ø§Ù„ØªØ§Ø¬Ø± Ù…Ù„Ø²Ù…Ø© ÙˆÙ‚Ø§Ø¨Ù„Ø© Ù„Ù„ØªØ­ØµÙŠÙ„ ÙÙˆØ±Ù‹Ø§.
ğŸ’³ ÙƒÙ…Ø§ ÙŠØ¯Ø¹Ù… Ø§Ù„Ø¨Ø±Ù†Ø§Ù…Ø¬ Ø§Ù„Ø¯ÙØ¹ Ø¹Ø¨Ø± Ø§Ù„Ø¨Ø·Ø§Ù‚Ø© Ø§Ù„Ø¨Ù†ÙƒÙŠØ© Ù„Ø£ÙŠ Ù‚ÙŠÙ…Ø©ØŒ Ù…Ø¹ ØªÙ‚Ø§Ø±ÙŠØ± ÙÙˆØ±ÙŠØ© ØªØ±Ø¨Ø· Ø§Ù„Ø¹Ù…Ù„ÙŠØ© Ù…Ø¨Ø§Ø´Ø±Ø© Ø¨Ø§Ù„Ø¬Ù‡Ø§Øª Ø§Ù„Ù…Ø¹Ù†ÙŠØ©.
-Ù‡ÙˆÙŠØ© Ø³Ø¹ÙˆØ¯ÙŠØ© Ø£ØµÙŠÙ„Ø©ØŒ Ø¯Ù‚Ø© Ø¹Ø§Ù„Ù…ÙŠØ©ØŒ ÙˆØªØ¬Ø±Ø¨Ø© Ø¨ÙŠØ¹ Ù…ØªÙƒØ§Ù…Ù„Ø© ÙˆØ¢Ù…Ù†Ø©.
ğŸ”— Ø¬Ø±Ø¨ Ø§Ù„Ù†Ø³Ø®Ø© Ø§Ù„ØªØ¬Ø±ÙŠØ¨ÙŠØ© Ø§Ù„Ø¢Ù†: https://raqebgaap.net/
âœ¨ Ù…Ù† Ø§Ø¨ØªÙƒØ§Ø± Ø´Ø±ÙƒØ© STLØŒ Ø§Ù„Ø±Ø§Ø¦Ø¯Ø© ÙÙŠ Ø§Ù„Ø­Ù„ÙˆÙ„ Ø§Ù„ØªÙ‚Ù†ÙŠØ© Ø§Ù„Ø³Ø¹ÙˆØ¯ÙŠØ©ØŒ Ù„ØªÙ‚Ø¯ÙŠÙ… Ø¨Ø±Ù†Ø§Ù…Ø¬ Ù…Ø­Ø§Ø³Ø¨ÙŠ Ø°ÙƒÙŠ ÙŠÙ„ÙŠÙ‚ Ø¨Ø±Ø¤ÙŠØ© Ø§Ù„Ù…Ù…Ù„ÙƒØ© 2030
hashtag
#ÙˆÙ„ÙŠ_Ø§Ù„Ø¹Ù‡Ø¯
hashtag
#Ø§Ù„Ù…Ù…Ù„ÙƒØ©_ØªØ²Ø¯Ù‡Ø±
hashtag
#Ø§Ù„Ù…Ø¯ÙŠÙ†Ø©_Ø§Ù„Ù…Ù†ÙˆØ±Ø©
hashtag
#Ù‡ÙŠØ¦Ø©_ØªØ·ÙˆÙŠØ±_Ø§Ù„Ù…Ø¯ÙŠÙ†Ø©
hashtag
#Ø£Ù…Ø§Ø±Ø©_Ù…Ù†Ø·Ù‚Ø©_Ø§Ù„Ù…Ø¯ÙŠÙ†Ø©_Ø§Ù„Ù…Ù†ÙˆØ±Ø©
hashtag
#Ø£Ù…Ø§Ù†Ø©_Ø§Ù„Ù…Ø¯ÙŠÙ†Ø©_Ø§Ù„Ù…Ù†ÙˆØ±Ø©
hashtag
#Ø±Ø¤ÙŠØ©_Ø§Ù„Ø³Ø¹ÙˆØ¯ÙŠØ©_2030
hashtag
#Ø§Ù„Ø³Ø¹ÙˆØ¯ÙŠØ©
â€«
hashtag
#Ø·Ù…ÙˆØ­Ù†Ø§_Ø£Ø¨Ø¹Ø¯â€¬
hashtag
#Ø£ÙƒØ§Ø¯ÙŠÙ…ÙŠØ©_Ø§Ù„Ù…Ù„ÙƒÙŠØ©_Ø§Ù„ÙÙƒØ±ÙŠØ©
â€«
hashtag
#Ø¥Ø­Ø¯Ù‰_Ø´Ø±ÙƒØ§Øª_Ø§Ù„ØµÙ†Ø¯ÙˆÙ‚
hashtag
#ØªØ£Ø«ÙŠØ±_Ø§Ù„ØµÙ†Ø¯ÙˆÙ‚
hashtag
#Ù†Ø³ØªØ«Ù…Ø±_Ù„Ù„Ø£ÙØ¶Ù„
â§â€«
hashtag
#Ù…Ø­Ù…Ø¯_Ø¨Ù†_Ø³Ù„Ù…Ø§Ù†
hashtag
#aPIFcompany
hashtag
#Ù‡ÙŠÙˆÙ…Ø§ÙŠÙ†
hashtag
#HUMAIN
hashtag
#RallySaudiArabia
hashtag
#Ù…Ø³Ùƒ_Ø§Ù„Ø§Ù†Ø·Ù„Ø§Ù‚
hashtag
#Ù‚Ø§Ø¯Ø©_2030_Ù„Ù„Ù…Ù…Ù„ÙƒØ©
hashtag
#Ù…Ù„ÙŠÙˆÙ†_Ø³Ø¹ÙˆØ¯ÙŠ_AI
hashtag
#Ø¹Ø¯Ø³Ø©_Ø§Ù„Ø§Ø¨ØªÙƒØ§Ø±
hashtag
#ØªØ­ÙƒÙ…
hashtag
#Ø±Ø¤ÙŠØ©_Ø§Ù„Ø³Ø¹ÙˆØ¯ÙŠØ©_2030
hashtag
#Prince_Mohammed_bin_Salman_Stadium
hashtag
#Ù…Ø§Ù„Ù‡_Ø­Ø¯
hashtag
#Ø¨Ø§Ù„Ø¨Ù†Ùƒ_Ø§Ù„Ø¹Ø±Ø¨ÙŠ_Ø§Ù„ÙˆØ·Ù†ÙŠ
â€â§â€«
hashtag
#Ù…Ø³Ø§Ø±Ø§Øª_Ø±ÙˆØ­Ø§Ù†ÙŠØ©â€¬â©
â€â§â€«
hashtag
#Ù…Ø³Ø§Ø±Ø§Øª_ØªØ±Ø¨Ø·Ù†Ø§_Ø¨Ø§Ù„Ù…Ø³ØªÙ‚Ø¨Ù„â€¬â©
â€â§â€«
hashtag
#ÙˆØ²Ø§Ø±Ø©_Ø§Ù„Ù†Ù‚Ù„_ÙˆØ§Ù„Ø®Ø¯Ù…Ø§Øª_Ø§Ù„Ù„ÙˆØ¬Ø³ØªÙŠØ©
hashtag
#Ø§Ù„Ø¨Ù†Ùƒ_Ø§Ù„Ù…Ø±ÙƒØ²ÙŠ_Ø§Ù„Ø³Ø¹ÙˆØ¯ÙŠ
â€â§â€«
hashtag
#Ù…Ø³Ø§Ø±Ø§Øª_Ù„Ù„Ù…Ø³ØªÙ‚Ø¨Ù„â€¬â©
â§â€«
hashtag
#Ù…Ø±ÙƒØ²_Ø§Ù„Ù…Ù‡Ø§Ø±Ø§Øª_Ø§Ù„Ù…Ø§Ù„ÙŠØ©â€¬â©
hashtag
#Hiring
hashtag
#TechnicalSupport
hashtag
#Riyadh
hashtag
#ÙÙ„Ùƒ_Ù„Ø¹Ù„ÙˆÙ…_ÙˆØ£Ø¨Ø­Ø§Ø«_Ø§Ù„ÙØ¶Ø§Ø¡
hashtag
#Ù…Ù†Ø´Ø¢Øª
hashtag
#Ø£Ø³Ø¨ÙˆØ¹_Ø§Ù„Ø§Ø¨ØªÙƒØ§Ø±_2025
",0c0196cbccc7897ac8414b6506de6798e3bec1170cb261737a556b5ac3b287c8,0,scrape_linkedin
d7809f2ddf3ff8b5,2025-12-03T09:42:56.031461,linkedin,profile_monitoring,,"Haris Muhammad
Haris Muhammad",https://www.linkedin.com,,"ØªØ¹Ù„Ù‘ÙŠÙ… Ø§Ù„Ù„ØºØ© Ø§Ù„Ø¹Ø±Ø¨ÙŠØ© Ø¨Ø§Ù„Ù†Ø³Ø¨Ø© Ù„ÙŠ Ù„ÙŠØ³ ÙˆØ¸ÙŠÙØ©ØŒ Ø¨Ù„ Ø´ØºÙÙŒ Ø£Ø¹ÙŠØ´Ù‡ ÙƒÙ„ ÙŠÙˆÙ… ğŸŒ
Ø£Ø­Ø¨ Ø£Ù† Ø£Ø±Ù‰ Ø§Ù„Ù…ØªØ¹Ù„Ù‘Ù… ÙˆÙ‡Ùˆ ÙŠÙ†ØªÙ‚Ù„ Ù…Ù† Ø§Ù„ØªØ±Ø¯Ù‘Ø¯ Ø¥Ù„Ù‰ Ø§Ù„Ø·Ù„Ø§Ù‚Ø©ØŒ ÙˆÙ…Ù† Ø­ÙØ¸ Ø§Ù„Ù‚Ø§Ø¹Ø¯Ø© Ø¥Ù„Ù‰ Ø§Ø³ØªØ®Ø¯Ø§Ù…Ù‡Ø§ Ø¨Ø«Ù‚Ø© ÙÙŠ Ø§Ù„Ø­Ø¯ÙŠØ« ÙˆØ§Ù„ÙƒØªØ§Ø¨Ø© ğŸ“–
Ø£Ø¹Ù…Ù„ Ø¹Ù„Ù‰ Ù…Ø³Ø§Ø¹Ø¯Ø© Ø§Ù„Ø·Ù„Ø§Ø¨ Ø¹Ù„Ù‰ ÙÙ‡Ù… Ø§Ù„Ø¹Ø±Ø¨ÙŠØ© Ø¨Ø·Ø±ÙŠÙ‚Ø© Ø¨Ø³ÙŠØ·Ø© ÙˆÙˆØ§Ø¶Ø­Ø©ØŒ Ø¨Ø¹ÙŠØ¯Ù‹Ø§ Ø¹Ù† Ø§Ù„ØªØ¹Ù‚ÙŠØ¯ØŒ Ù…Ø¹ Ø§Ù„ØªØ±ÙƒÙŠØ² Ø¹Ù„Ù‰ Ø§Ù„Ù…Ø­Ø§Ø¯Ø«Ø©ØŒ ÙˆØµÙ‚Ù„ Ø§Ù„Ø£Ø³Ù„ÙˆØ¨ØŒ ÙˆØ±Ø¨Ø· Ø§Ù„Ù„ØºØ© Ø¨Ø«Ù‚Ø§ÙØªÙ‡Ø§ Ø§Ù„Ø¹Ù…ÙŠÙ‚Ø©.
ÙˆØ£Ø¤Ù…Ù† Ø£Ù†Ù‘ ÙƒÙ„ Ù…ØªØ¹Ù„Ù… Ù‚Ø§Ø¯Ø± Ø¹Ù„Ù‰ Ø¥ØªÙ‚Ø§Ù† Ø§Ù„Ø¹Ø±Ø¨ÙŠØ© Ù…ØªÙ‰ Ù…Ø§ ÙˆØ¬Ø¯ Ù…Ù† ÙŠØ±Ø´Ø¯Ù‡ Ø¨Ø®Ø·ÙˆØ§Øª Ø«Ø§Ø¨ØªØ© ÙˆÙ…Ù†Ù‡Ø¬ ÙˆØ§Ø¶Ø­....
Ø£Ø³Ø¹Ø¯ Ø¨Ø§Ù„ØªÙˆØ§ØµÙ„ Ù…Ø¹ ÙƒÙ„ Ù…Ù† ÙŠØ±ØºØ¨ ÙÙŠ ØªØ·ÙˆÙŠØ± Ù„ØºØªÙ‡ Ø§Ù„Ø¹Ø±Ø¨ÙŠØ© Ø£Ùˆ Ø¨Ø¯Ø£ Ø±Ø­Ù„ØªÙ‡ ÙÙŠÙ‡Ø§ ğŸ¤—
hashtag
#ArabicTeacher
hashtag
#LearnArabic
hashtag
#LanguageSkills
hashtag
#TeachingExperience
hashtag
#Educat",d7809f2ddf3ff8b5ad2148f4ee8966484e34a1e01742424eaa6b35e7e0ea6608,0,scrape_linkedin
fa53728909257710,2025-12-03T09:42:56.553439,linkedin,profile_monitoring,,"Md. Suruz Raihan
Md. Suruz Raihan",https://www.linkedin.com,,"à¦†à¦²à¦¹à¦¾à¦®à¦¦à§à¦²à¦¿à¦²à§à¦²à¦¾à¦¹ ğŸ’¼âœ¨ à¦•à¦°à§à¦ªà§‹à¦°à§‡à¦Ÿ à¦Ÿà§à¦¯à§à¦° â€” à¦•à¦¾à¦œà§‡à¦° à¦®à¦¾à¦à§‡ à¦à¦•à¦Ÿà§ à¦¬à¦¿à¦¶à§à¦°à¦¾à¦®, à¦¸à¦®à§à¦ªà¦°à§à¦•à§‡à¦° à¦®à¦¾à¦à§‡ à¦¨à¦¤à§à¦¨ à¦¬à¦¨à§à¦§à¦¨! âœ¨ğŸŒ¿
à¦¬à§à¦¯à¦¸à§à¦¤ à¦…à¦«à¦¿à¦¸ à¦²à¦¾à¦‡à¦«à§‡à¦° à¦šà¦¾à¦ª à¦­à§à¦²à§‡ à¦à¦•à¦Ÿà§ à¦˜à§à¦°à§‡ à¦†à¦¸à§à¦¨ à¦¸à¦¹à¦•à¦°à§à¦®à§€à¦¦à§‡à¦° à¦¸à¦™à§à¦—à§‡ â€”
à¦¯à§‡à¦–à¦¾à¦¨à§‡ à¦¥à¦¾à¦•à¦¬à§‡ à¦¹à¦¾à¦¸à¦¿, à¦¬à¦¿à¦¶à§à¦°à¦¾à¦® à¦†à¦° à¦Ÿà¦¿à¦®à¦“à§Ÿà¦¾à¦°à§à¦•à§‡à¦° à¦®à¦œà¦¬à§à¦¤ à¦¬à¦¨à§à¦§à¦¨! ğŸ˜
ğŸ‘‰ à¦•à¦°à§à¦ªà§‹à¦°à§‡à¦Ÿ à¦Ÿà§à¦¯à§à¦° à¦®à¦¾à¦¨à§‡ à¦¶à§à¦§à§ à¦­à§à¦°à¦®à¦£ à¦¨à§Ÿ â€”
âœ… à¦à¦•à§‡ à¦…à¦ªà¦°à¦•à§‡ à¦¨à¦¤à§à¦¨à¦­à¦¾à¦¬à§‡ à¦œà¦¾à¦¨à¦¾à¦° à¦¸à§à¦¯à§‹à¦—
âœ… à¦Ÿà¦¿à¦® à¦¸à§à¦ªà¦¿à¦°à¦¿à¦Ÿ à¦“ à¦•à¦°à§à¦®à¦‰à¦¦à§à¦¦à§€à¦ªà¦¨à¦¾ à¦¬à§ƒà¦¦à§à¦§à¦¿
âœ… à¦®à¦¨ à¦“ à¦¶à¦°à§€à¦°à¦•à§‡ à¦¸à¦¤à§‡à¦œ à¦•à¦°à¦¾
âœ… à¦ªà¦°à¦¬à¦°à§à¦¤à§€ à¦•à¦¾à¦œà§‡à¦° à¦œà¦¨à§à¦¯ à¦¨à¦¤à§à¦¨ à¦à¦¨à¦¾à¦°à§à¦œà¦¿ à¦¸à¦‚à¦—à§à¦°à¦¹
ğŸŒ„ à¦¸à¦¾à¦œà§‡à¦•, à¦•à¦•à§à¦¸à¦¬à¦¾à¦œà¦¾à¦°, à¦¸à¦¿à¦²à§‡à¦Ÿ, à¦¸à§‡à¦¨à§à¦Ÿà¦®à¦¾à¦°à§à¦Ÿà¦¿à¦¨ à¦¸à¦¹ à¦¥à¦¾à¦‡à¦²à§à¦¯à¦¾à¦¨à§à¦¡ à¦¸à¦¿à¦™à§à¦—à¦¾à¦ªà§à¦° à¦®à¦¾à¦²à§‡à¦¶à¦¿à§Ÿà¦¾ à¦¦à§‡à¦¶ à¦¬à¦¿à¦¦à§‡à¦¶à§‡ â€”
à¦¯à§‡à¦–à¦¾à¦¨à§‡à¦‡ à¦¯à¦¾à¦¨, Rayhan Holidayz I à¦°à¦¾à§Ÿà¦¹à¦¾à¦¨ à¦¹à¦²à¦¿à¦¡à§‡à¦œ à¦¥à¦¾à¦•à¦¬à§‡ à¦†à¦ªà¦¨à¦¾à¦° à¦ªà¦¾à¦¶à§‡ à¦†à¦°à¦¾à¦®à¦¦à¦¾à§Ÿà¦•, à¦¨à¦¿à¦°à¦¾à¦ªà¦¦ à¦“ à¦¸à§à¦®à¦°à¦£à§€à§Ÿ à¦†à§Ÿà§‹à¦œà¦¨ à¦¨à¦¿à§Ÿà§‡ ğŸšŒğŸ’«
ğŸ“… à¦à¦–à¦¨à¦‡ à¦¬à§à¦• à¦•à¦°à§à¦¨ à¦†à¦ªà¦¨à¦¾à¦° à¦ªà§à¦°à¦¤à¦¿à¦·à§à¦ à¦¾à¦¨à§‡à¦° à¦•à¦°à§à¦ªà§‹à¦°à§‡à¦Ÿ à¦Ÿà§à¦¯à§à¦°
â˜ï¸ à¦¯à§‹à¦—à¦¾à¦¯à§‹à¦— à¦•à¦°à§à¦¨ à¦†à¦œà¦‡ â€”
à¦à¦•à¦¸à¦¾à¦¥à§‡ à¦•à¦¾à¦œà§‡à¦° à¦®à¦¤à§‹ à¦à¦•à¦¸à¦¾à¦¥à§‡ à¦†à¦¨à¦¨à§à¦¦à¦“ à¦¹à§‹à¦• à¦…à¦¬à¦¿à¦¸à§à¦®à¦°à¦£à§€à§Ÿ! ğŸ˜
hashtag
#CorporateTour
hashtag
#TeamBuilding
hashtag
#makkah
hashtag
#videoviralã‚·
hashtag
#madina
hashtag
#rayhanholidayz
hashtag
#OfficeTrip
hashtag
#SajekValley
hashtag
#Coxsbazar
hashtag
#TeamSpirit
hashtag
#WorkAndTravel",fa53728909257710779f2022a1567a73a4bd8293a7e4f84e31b1fd8475347cd9,0,scrape_linkedin
99d36fb0176b92cb,2025-12-03T09:42:56.983965,linkedin,profile_monitoring,,"Ziad Aboelfotoh ( PMP, IPMA, PMO, PRMG )
Ziad Aboelfotoh ( PMP, IPMA, PMO, PRMG )",https://www.linkedin.com,,"ğŸ—’ï¸ Ø¹Ù‚Ø¯ Ø§Ù„Ù…Ø´Ø±ÙˆØ¹ Ø§Ù„Ù‡Ù†Ø¯Ø³ÙŠ ... Ø§Ù„Ù…ÙØ±ÙˆØ¶ Ø¨ÙŠØºØ·ÙŠ ÙƒÙ„ Ø­Ø§Ø¬Ø© Ø¯Ø§Ø®Ù„ Ø§Ù„Ù…Ø´Ø±ÙˆØ¹ ......ÙÙŠÙ‡ Ø¯Ø§ÙŠÙ…Ø§ Ù…Ù†Ø·Ù‚Ø© Ø±Ù…Ø§Ø¯ÙŠØ© Ø¥Ø³Ù…Ù‡Ø§ *""Ø®Ø§Ø±Ø¬ Ø§Ù„Ø¹Ù‚Ø¯""*
Ø¨ØªØ£Ø«Ø± Ù…Ø¨Ø§Ø´Ø±Ø© Ø¹Ù„ÙŠ ÙƒÙ„ Ø­Ø§Ø¬Ø© ÙÙŠ Ø§Ù„Ù…Ø´Ø±ÙˆØ¹ Ùˆ Ù„Ø§Ø²Ù… ØªØªØ±Ø¨Ø· Ø¨Ø·Ø±ÙŠÙ‚Ø© ØªÙ†ÙÙŠØ° Ø§Ù„Ù…Ø´Ø±ÙˆØ¹ Ø§Ù„Ù„ÙŠ Ù‡ÙŠ Ø¨ÙŠØ­ÙƒÙ…Ù‡Ø§ Ø§Ù„Ø¹Ù‚Ø¯
Ø¥ÙŠÙ‡ Ø§Ù„Ù„Ø®Ø¨Ø·Ø© Ø¯ÙŠ
Ø§Ù„Ø¹Ù‚Ø¯ âœï¸ğŸ—’ï¸ Ù‡Ùˆ Ø§Ù„Ø¨Ø¯Ø§ÙŠØ©
Ù„ÙƒÙ† ÙÙ‡Ù…Ùƒ Ù„Ù„ÙŠ *""Ø®Ø§Ø±Ø¬ Ø§Ù„Ø¹Ù‚Ø¯""* Ù‡Ùˆ Ø§Ø§Ù„ÙŠ Ø¨ÙŠØ¯Ø¹Ù…Â Ø§Ø­ØªØ±Ø§ÙÙƒ ÙƒÙ…Ø¯ÙŠØ± Ù…Ø´Ø±ÙˆØ¹
ğŸ§ Ù†Ø´ÙˆÙ Ø§Ù„Ù…Ù‚ØµÙˆØ¯ Ù…Ø¹ Ø§Ù„ÙÙŠØ¯ÙŠÙˆ Ø¯Ù‡ğŸ‘‡ğŸ‘‡
hashtag
#eng_ziadaboelfotoh
hashtag
#Ø¨Ø¨Ø³Ø§Ø·Ø©ÙˆØ¹Ù…Ù‚
hashtag
#projectmanagement
hashtag
#FutureMakers
hashtag
#projectmanagers
hashtag
#communication
hashtag
#skills",99d36fb0176b92cbd46efe208a0f87296098b57ca62f221a1eded45db7abd5d6,0,scrape_linkedin
bde99ae10383a3fb,2025-12-03T09:42:57.505122,linkedin,profile_monitoring,,"Sanzhar Shalkarbekov
Sanzhar Shalkarbekov",https://www.linkedin.com,,"Ğ£Ğ¶Ğµ Ñ‚Ñ€ĞµÑ‚Ğ¸Ğ¹ Ğ³Ğ¾Ğ´ Ğ¿Ğ¾Ğ´Ñ€ÑĞ´ Ğ¼Ñ‹ Ğ² Ğ Ğ¾Ğ±Ğ¾Ñ‚ĞµĞºĞµ Ğ¿Ñ€Ğ¾Ğ²Ğ¾Ğ´Ğ¸Ğ¼ ÑÑ‚Ñ€Ğ°Ñ‚ĞµĞ³Ğ¸Ñ‡ĞµÑĞºÑƒÑ ÑĞµÑÑĞ¸Ñ, Ğ³Ğ¾Ñ‚Ğ¾Ğ²Ğ¸Ğ¼ÑÑ Ğº Ğ¿Ñ€ĞµĞ´ÑÑ‚Ğ¾ÑÑ‰ĞµĞ¼Ñƒ ÑƒÑ‡ĞµĞ±Ğ½Ğ¾Ğ¼Ñƒ Ğ³Ğ¾Ğ´Ñƒ. Ğ“Ğ¾Ğ´ Ğ±Ñ‹Ğ» Ğ¸Ğ½Ñ‚ĞµÑ€ĞµÑĞ½Ñ‹Ğ¼ Ğ¸ Ğ½Ğ°ÑÑ‹Ñ‰ĞµĞ½Ğ½Ñ‹Ğ¼, Ğ¼Ñ‹ Ğ´Ğ¾ÑÑ‚Ğ¸Ğ³Ğ»Ğ¸ Ğ¼Ğ½Ğ¾Ğ³Ğ¸Ñ… Ğ¿Ğ¾ÑÑ‚Ğ°Ğ²Ğ»ĞµĞ½Ğ½Ñ‹Ñ… Ñ†ĞµĞ»ĞµĞ¹. Ğ¢ĞµĞ¿ĞµÑ€ÑŒ ÑÑ‚Ñ€Ğ¾Ğ¸Ğ¼ Ğ¿Ğ»Ğ°Ğ½Ñ‹, Ğ½Ğ°Ğ¼ĞµÑ‡Ğ°ĞµĞ¼ Ñ†ĞµĞ»Ğ¸ Ğ² Ğ½Ğ¾Ğ²Ğ¾Ğ¼ ÑƒÑ‡ĞµĞ±Ğ½Ğ¾Ğ¼ Ğ³Ğ¾Ğ´Ñƒ. ĞšĞ¾Ğ¼Ğ°Ğ½Ğ´Ğ° Ğ¿Ğ¾Ğ»Ğ½Ğ° ÑĞ¸Ğ» Ğ¸ ÑĞ½Ñ‚ÑƒĞ·Ğ¸Ğ°Ğ·Ğ¼Ğ°, Ğ¿Ñ€Ğ¾Ğ´Ğ¾Ğ»Ğ¶Ğ¸Ğ¼ Ñ€Ğ°Ğ±Ğ¾Ñ‚Ğ°Ñ‚ÑŒ Ğ½Ğ°Ğ´ Ğ¿Ñ€ĞµĞ´Ğ¾ÑÑ‚Ğ°Ğ²Ğ»ĞµĞ½Ğ¸ĞµĞ¼ ÑƒÑ‡ĞµĞ½Ğ¸ĞºĞ°Ğ¼ Ğ»ÑƒÑ‡ÑˆĞµĞ³Ğ¾ Ğ¾Ğ±Ñ€Ğ°Ğ·Ğ¾Ğ²Ğ°Ğ½Ğ¸Ñ Ğ² Ğ¾Ğ±Ğ»Ğ°ÑÑ‚Ğ¸ Ñ€Ğ¾Ğ±Ğ¾Ñ‚Ğ¾Ñ‚ĞµÑ…Ğ½Ğ¸ĞºĞ¸ Ğ¸ Ğ¿Ğ¾Ğ¼Ğ¾Ğ³Ğ°Ñ‚ÑŒ Ğ¸Ğ¼ ÑÑ‚Ğ°Ñ‚ÑŒ ĞºĞ¾Ğ½ĞºÑƒÑ€ĞµĞ½Ñ‚Ğ¾ÑĞ¿Ğ¾ÑĞ¾Ğ±Ğ½Ñ‹Ğ¼Ğ¸ Ğ¸Ğ½Ğ¶ĞµĞ½ĞµÑ€Ğ°Ğ¼Ğ¸ Ğ±ÑƒĞ´ÑƒÑ‰ĞµĞ³Ğ¾. Ğ¥Ğ¾Ñ‡Ñƒ Ğ¿Ğ¾Ğ±Ğ»Ğ°Ğ³Ğ¾Ğ´Ğ°Ñ€Ğ¸Ñ‚ÑŒ Ğ½Ğ°ÑˆĞµĞ³Ğ¾ alumni Ğ“Ğ°Ğ»Ñ‹Ğ¼Ğ¶Ğ°Ğ½Ğ° ĞĞ¼Ğ°Ğ½Ğ³ĞµĞ»ÑŒĞ´Ñ‹ Galymzhan Amangeldi Ğ·Ğ° Ğ¸Ğ½Ñ‚ĞµÑ€ĞµÑĞ½ÑƒÑ Ğ»ĞµĞºÑ†Ğ¸Ñ Ğ¿Ñ€Ğ¾ Agile, Ğ¸ Ğ½Ğ°ÑˆĞµĞ³Ğ¾ ĞŸĞ°Ñ€Ñ‚Ğ½Ñ‘Ñ€Ğ° Astana IT University Ğ·Ğ° Ğ¿Ğ¾Ğ´Ğ´ĞµÑ€Ğ¶ĞºÑƒ Ğ¼ĞµÑ€Ğ¾Ğ¿Ñ€Ğ¸ÑÑ‚Ğ¸Ñ. Astana IT University Ğ¨ĞºĞ¾Ğ»Ğ° Ğ¾Ğ±Ñ€Ğ°Ğ·Ğ¾Ğ²Ğ°Ñ‚ĞµĞ»ÑŒĞ½Ğ¾Ğ¹ Ñ€Ğ¾Ğ±Ğ¾Ñ‚Ğ¾Ñ‚ĞµÑ…Ğ½Ğ¸ĞºĞ¸ ""Ğ Ğ¾Ğ±Ğ¾Ñ‚ĞµĞº""",bde99ae10383a3fb230181eaae36a7a5fa262b87e05c9dbb7e6501e21585cce6,0,scrape_linkedin
b60097ae4f4ced2a,2025-12-03T09:42:57.979391,linkedin,profile_monitoring,,"Niloshan Sri Renga
Niloshan Sri Renga",https://www.linkedin.com,,"ğŸ“¡ Network Experience Matters: A Tale of Two Providers
As a long-time customer of SLT-Mobitel, I expected consistent, reliable 4G connectivity especially in today's digital-first world. Unfortunately, my recent experience has been far from that. Despite having decent signal metrics on G-NetTrack Lite, real-world speed tests tell a different story.
ğŸ“‰ SLT-Mobitel (SIM1)
ğŸ“¶ RSRP: -80 dBm | SNR: 7.0 | CQI: 9
ğŸš€ Download Speed: 820 kbps
ğŸ“¤ Upload Speed: 19 Mbps
ğŸ“ Location: Dehiwala
Compare that with:
ğŸ“ˆ Dialog Axiata (SIM2)
ğŸ“¶ RSRP: -79 dBm | SNR: 9.0 | CQI: 11
ğŸš€ Download Speed: 58 Mbps
ğŸ“¤ Upload Speed: 37 Mbps
ğŸ“ Location: Dehiwala
The difference is staggering. Same environment, similar signal strengths, but entirely different performance outcomes.
ğŸ’¬ Whatâ€™s even more concerning is that while SLT-Mobitel staff actively view my LinkedIn profile, no real steps are being taken to address ongoing quality issues. A network's value isnâ€™t in how it looks on paperâ€”but how it performs when users rely on it.
---
ğŸ” I'm sharing this not to criticize, but to urge SLT-Mobitel to listen more actively to customer feedback and take real action. In a competitive telecom market, performance is the strongest brand ambassador.
hashtag
#CustomerExperience
hashtag
#SLTMobitel
hashtag
#DialogAxiata
hashtag
#ConnectivityMatters
hashtag
#NetworkPerformance
hashtag
#SriLanka
hashtag
#DigitalFrustration
hashtag
#TelecomReality
hashtag
#Mobitel
Dr Mothilal De Silva
Pradeep Kandage
Mobitel (Pvt) Ltd. Dialog Axiata PLC",b60097ae4f4ced2a4871418c1414a0e81f5e8d0f2251fe8f84c891e0c5823848,0,scrape_linkedin
1a5910d7675f4c35,2025-12-03T09:42:58.700675,linkedin,profile_monitoring,,"Chandimal Asanka
Chandimal Asanka",https://www.linkedin.com,,"ğŸš€ ISP coverage in Sri Lanka
ğŸ“Œ Satellite (Starlink): Now operational in Sri Lanka.
ğŸ“Œ Dialog Axiata: Widest mobile coverage (2G/3G/4G/early 5G) islandwide; best speed and availability.
ğŸ“Œ SLT-Mobitel: Strong national mobile and fixed broadband (fiber and LTE); especially good in rural areas.
ğŸ“Œ Hutch: Good 4G coverage in most areas; more affordable but slightly lower speed and coverage quality.
ğŸ“Œ Airtel: Good 4G coverage; suitable for urban and suburban use with recent network upgrades.
ğŸ‘ï¸â€ğŸ—¨ï¸ Fiber broadband: Available mainly in Colombo, Kandy, Galle and other urban areas (via Dialog and SLT).
ğŸ‘ï¸â€ğŸ—¨ï¸ 5G: Limited rollout has begun in major cities (mostly by Dialog).
hashtag
#Srilanka
hashtag
#ISP
hashtag
#Coverage
hashtag
#Starlink
hashtag
#Dialog
hashtag
#SLT_Mobitel
hashtag
#Hutch
hashtag
#Airtel",1a5910d7675f4c35be898eaec055752bfaaad0c0d3697d84d331c204d2a9a5c8,0,scrape_linkedin
d64fb9641a9fa2c6,2025-12-03T09:42:59.169380,facebook,global_intelligence,,"n
d
t
s
e
S
o
o
r
p
l
4
2
u
4
h
m
e
7
0
h
,
a
c
e
6
Â 
3
2
0
m
a
g
m
u
i
e
2
Â 
4
u
5
i
1
0
0
h
r
b
3
a
9
i
4
8
8
a
D
u
3",https://www.facebook.com,,"We are proud to announce the launch of the new company logo in upcoming days with new look.
We are ready to step into next mile stone.â€¦ See more",d64fb9641a9fa2c6da179d58703096399c32ae9d60e513a81fd9ff7e5d890df6,0,scrape_facebook
fcc3171e1b058291,2025-12-03T09:42:59.844011,facebook,global_intelligence,,HiMill D1/D1S Launch Group,https://www.facebook.com,,"Dear Backers,
Thank you so much for your attention to the MaxMake project, and even more for your honest questions. We fully understand your concern regarding the relatively short establishment time of our Hong Kong company. This caution actually reminds us to share the story behind us more clearly.
Regarding the company qualifications you are concerned about, MAXMAKE is neither a fictional entity nor a ""new company"" starting from scâ€¦ See more",fcc3171e1b058291d86d1e084b10c5ba20f87abecb27cacfa84fe3303d01ecd8,0,scrape_facebook
5d6d7ea66266c457,2025-12-03T09:43:00.319728,facebook,global_intelligence,,Auto Recruiter AI,https://www.facebook.com,,Hereâ€™s why automatically matching companies with their dream employees on LinkedIn using A.I. systems is the best way to build an online business  in 2025. â€¦ See more,5d6d7ea66266c4576de5a4527061251c2f3eb1e13ad0fd6edbaa8cc2e9c66a24,0,scrape_facebook
df8edb1e721d7b02,2025-12-03T09:43:00.775607,facebook,global_intelligence,,NP Media Group,https://www.facebook.com,,Stop scrolling. Use your smartphone addiction to start a business.â€¦ See more,df8edb1e721d7b02223a7a77d0d980d01f3a27b13640cdf448ad6c065a155052,0,scrape_facebook
9d70a0e154c903bd,2025-12-03T09:43:01.274532,facebook,global_intelligence,,Pharma Update Pakistan,https://www.facebook.com,,"Job Opportunity â€“ Director Marketing & Sales (Islamabad)
Position: Director Marketing & Sales | Pharmaceuticals
Location: Islamabad.
Experience: 10â€“15 Years from reputable companies
Education: Masterâ€™s degree in Marketing, MBA. Pharm D.â€¦ See more",9d70a0e154c903bd13f3b74bec8ec36e48e601aeab6dcb4fb7c36d52f7b5e7e9,0,scrape_facebook
0e74a65a7c40fd99,2025-12-03T09:43:01.758723,facebook,global_intelligence,,Totally Local Lancaster,https://www.facebook.com,,"WE ARE ALL UNIQUE, LET'S CELEBRATE
When someone has an official launch of a new product, initiative or business, they always worry about the uptake.  Will people turn up ?  Will what we are offering or selling take off ?
The Gallery at The Storey has a high capacity, and to learn that this Launch is fully booked is quite extraordinary.  â€¦ See more",0e74a65a7c40fd99557b21436085415a07029f0e08bbe9f094afdbcdae0d59f5,0,scrape_facebook
56199757ba492eab,2025-12-03T09:43:02.172566,facebook,global_intelligence,,Totally Local Lancaster,https://www.facebook.com,,"Update!!
We are full!â€¦ See more",56199757ba492eabe86525e7fc10ca7f13d7992d713e7be232f10b9a6911f28e,0,scrape_facebook
8cb088abe4763cbc,2025-12-03T09:43:02.618923,facebook,global_intelligence,,Emprende Con Fito,https://www.facebook.com,,"Acelerador PDF Revelado
Câ€¦ See more",8cb088abe4763cbc10d16676aafe5aca41ae126f633888bf1a3ebf4150b443ff,0,scrape_facebook
b2ac08d9d0ae28e1,2025-12-03T09:43:03.046967,facebook,global_intelligence,,Leith Billboard,https://www.facebook.com,,https://www.facebook.com/profile.php?id=61569012340516&mibextid=wwXIfr,b2ac08d9d0ae28e194eec6e4ebd61d41d61efba3cd8022ddbbc7f0e2fcccfe81,0,scrape_facebook
42b1275226fc6ca7,2025-12-03T09:43:03.497275,facebook,global_intelligence,,Walworth County Small Business Group,https://www.facebook.com,,BIG UPDATE @everyone Lake Life LG is moving fully online!â€¦ See more,42b1275226fc6ca7f67b16c53d1e5b8ce58e89f76bd7083c46c32e0f6a8eadcf,0,scrape_facebook
ec63946925200ec1,2025-12-03T05:00:01.000Z,twitter,profile_monitoring,SLT,SLT eSports,https://x.com,,[#SVL2025 GS R1 vs @DRX_VALORANT ] ìš°ë¦¬ë¥¼ ì¦ëª…í•˜ëŠ” ì²« ë‹¨ê³„. The first step in proving us. #SLT #SLTGO #SLTWIN,ec63946925200ec1da4b3e4dccdca74ed48a61a36943abf167999a6eb47ca75d,0,scrape_twitter
4d4807c83a2d9772,2025-12-03T09:35:54.000Z,twitter,profile_monitoring,SLT,VCT Pacific,https://x.com,,. @KlausVLRT gets SLT Seongnam to 9 as he claims 3 crucial kills,4d4807c83a2d977236c56cc169617ed7a8173a9018d5b02d9e6506f7967a2c0e,0,scrape_twitter
3289e3f640400ff6,2025-12-03T08:11:16.000Z,twitter,profile_monitoring,SLT,VCT Pacific,https://x.com,,. @C1ndeR_vlrt gets a 3K to secure the bonus for SLT Seongnam!,3289e3f640400ff61fa897f2359ea87104aa6f0da0438c04a076257508bedc63,0,scrape_twitter
6bb61c9e52296a9b,2025-12-03T08:08:36.000Z,twitter,profile_monitoring,SLT,332,https://x.com,,@SLT_eSports @DRX_VALORANT SVL í™”ì´íŒ…,6bb61c9e52296a9bbff61cb7b3a0e1908301eef1222a2efa11bd053a364b08f9,0,scrape_twitter
b312cac70183c38f,2025-12-03T08:22:30.000Z,twitter,profile_monitoring,SLT,VCT Pacific,https://x.com,,The tried and tested @DRX_VALORANT roster will be going against the newly ascended @SLT_eSports at #SVL2025,b312cac70183c38f00d3ff123c36f1811d801b21de704531e6981939c4671053,0,scrape_twitter
aa9df904595f0a6d,2025-12-02T08:15:00.000Z,twitter,profile_monitoring,Mobitel,Netcracker,https://x.com,,Long-term customer @slt_mobitel has consolidated its IT infrastructure on Netcracker Digital BSS to support billing and revenue management functions across its mobile and fixed lines of business and drive new and innovative services. https:// netcracker.com/news/press-rel eases/netcracker-completes-revenue-management-modernization-for-slt-mobitel.html â€¦ #revenue #BSS,aa9df904595f0a6ded636694f8e68b91ec86b03cc64246fd02ff6467820d30f2,0,scrape_twitter
bdbe1a2bb8c175a7,2025-12-03T04:21:08.000Z,twitter,profile_monitoring,Mobitel,SLTMobitel,https://x.com,,Celebrating the heroes who kept the nation connected! Thank you for your unfailing dedication and commitment. #SLTMobitel #TheConnection #KeepingSriLankaConnected,bdbe1a2bb8c175a7d5d921381c49f32cf34c3aa47d262503bc38eda91119632e,0,scrape_twitter
7ea9c77f4325dea8,2025-11-30T04:18:33.000Z,twitter,profile_monitoring,Mobitel,Rasal Jayasinghe,https://x.com,,#Kandy Long queues seen at KCC to get a Mobitel Sim. Get it online: https:// esim.sltmobitel.lk/eSimCustomerPo rtal/#/ â€¦ Comes to your email in under 1 min. Stay safe! #WeatherUpdate #lka #SrilankaWeather #SriLankaFlood #CycloneDitwa,7ea9c77f4325dea82ac4526f0a8474a98c901355a0b7a11318a61b9f2f786e2d,0,scrape_twitter
d813aa93baba3dda,2025-12-01T20:46:01.000Z,twitter,profile_monitoring,Mobitel,Namila,https://x.com,,"Mobitel, SLT fiber down",d813aa93baba3ddaae32aa79b30c8b245892e5867789ad93f018fef6375ae471,0,scrape_twitter
f11f78d32b003d1a,2025-11-28T05:41:42.000Z,twitter,profile_monitoring,Mobitel,KUKI,https://x.com,,"Odlicno ! Zanima me,kako ce dostavljati e-racune onima koji nemaju mobitel ili kompjuter?",f11f78d32b003d1af414cbc9ddfe956b88a27701ca2dc761af371327dfd3bd31,0,scrape_twitter
567ed0a31cdb1e6b,2025-12-01T17:16:39.000Z,twitter,profile_monitoring,Daraz,ali.,https://x.com,,Ordered Tipu Sultan Painting from Daraz . ORDER DELIVERY,567ed0a31cdb1e6b74dc3d89cc81746a90a05c51360c95b6e88f547f0c924330,0,scrape_twitter
6625b99b6951c40f,2025-12-01T14:17:52.000Z,twitter,profile_monitoring,Daraz,Umar Daraz Gondal,https://x.com,,Ø¨ÛŒØ±Ø³Ù¹Ø± Ú¯ÙˆÛØ± Ù„Ú¯ØªØ§ Ø¢Ø¬ Ø®ØµÙˆØµÛŒ ØªÛŒØ§Ø±ÛŒ Ú©Ø±Ú©Û’ Ø¢Ø¦Û’ ØªÚ¾Û’ !,6625b99b6951c40f4e9c333c45c24166b9f30947257e0e0ff7ef47bfec0cc6a2,0,scrape_twitter
2b846bb9dc42ccf2,2025-12-02T13:16:23.000Z,twitter,profile_monitoring,Daraz,Umar Daraz Gondal,https://x.com,,Ù¾Ø§Ú©Ø³ØªØ§Ù† Ú©ÛŒ Ø¨ÛØ§Ø¯Ø± Ø®ÙˆØ§ØªÛŒÙ† Ú©Û’ Ù†Ø§Ù… !,2b846bb9dc42ccf2e8be9397bf29db0cdba03846e4e9bb0688df48a3c2fbabb5,0,scrape_twitter
ad19fcdf86f0feaf,2025-11-30T14:03:11.000Z,twitter,profile_monitoring,Daraz,Salman,https://x.com,,65k delivery charges wtf is wrong with Daraz,ad19fcdf86f0feaf22c9be1d1344ba86b3bde5d4a16ccf914a882367eed924df,0,scrape_twitter
0fc02178f1afd11a,2025-11-26T06:49:04.000Z,twitter,profile_monitoring,Daraz,ğ’ğšğ¥ğ¦ğš ğ˜ğ®ğ¬ğ®ğŸ,https://x.com,,Daraz 11.11 Sale Disclaimer: This post is for information only; all offers are by Daraz. Terms and conditions may apply. #daraz #laptops #1111sale,0fc02178f1afd11aac9a0e4a0ac11b2f269e78e72bc5ac8006e0ebda1d0cfffa,0,scrape_twitter
d2dc9af250bce94e,2025-08-06T12:13:21.000Z,twitter,profile_monitoring,Wow.lk,Skiess ãƒ„,https://x.com,,wow lk went to boxing TRUE LOVE WITH LK 06 #lookkaewkamollak,d2dc9af250bce94eaac5f70f844331f9fc2d171ebf66f05c22669df480718a75,0,scrape_twitter
49c47cbc491ad832,2025-06-07T02:54:10.000Z,twitter,profile_monitoring,Wow.lk,âŸ­âŸ¬Vinoâ· ì•„í¬ë°©í¬monoâ·â¼Â¹,https://x.com,,https:// applink.wow.lk/3XXV5qBQJdKEcH 9V6 â€¦,49c47cbc491ad832b536c3cb22ba54113ffc9d32b35df9818b4c5fd7219274ac,0,scrape_twitter
9b769d7a178b4130,2025-08-11T10:49:54.000Z,twitter,profile_monitoring,Wow.lk,Skiess ãƒ„,https://x.com,,wow lk in glasses TRUE LOVE WITH LK 11 #lookkaewkamollak,9b769d7a178b41306529c7a0f82455e126fd6b3cf34137a6da1f163c4d44cc61,0,scrape_twitter
41c2c269df7eaebc,2025-01-14T13:43:10.000Z,twitter,profile_monitoring,Wow.lk,ã‚³ã‚¡ã‚¤,https://x.com,,WOW LK KANINO KA NAGPAKASAL KAY HANNIE?,41c2c269df7eaebcef5cf094eff2d42506c1e79e493febd23a685398e885f553,0,scrape_twitter
c2023f12710cc8f4,2024-08-31T05:43:13.000Z,twitter,profile_monitoring,Wow.lk,ErPolow,https://x.com,,El m4ln4cid0 que le puso el Loot Rate a los Icor Embalsamante de esta misiÃ³n de WoW LK ojala se mv3r4,c2023f12710cc8f43c2920329c6d99b17e5ed62a22fc51bb342a2d29e67de41a,0,scrape_twitter
9cd25e3e93454011,2025-12-03T09:43:12.972774,linkedin,profile_monitoring,,"Fayas Ismail
Fayas Ismail",https://www.linkedin.com,,"Ampara district is facing a power outage for last 5 days. It is caused by cyclone ditwah, the crisis entire country is facing now. Two hours late since power went off Dialog Axiata PLC network started to fail. In next 3 hours no services for users in the region. Dialog is the primary telco for the majority of the customers. The impact is huge, the region got disconnected with rest of the island and world during natural disaster situation in the country. The service outage caused by power outage, however Dialog infrastructure is not equipped with backup generators. Only with backup batteries to last few hours. It is been 5 nights now and service is still not available.
In the other end SLT Mobitel and Hutch provides uninterrupted services using backup power generators. The question is why Dialog doesnâ€™t have backup generators in place in their base stations? Why it is not available in a critical infrastructure by the largest telco operator in the country?
There is no ETA on power restoration. It would take couple of days as per some reports since damage to power grid infrastructure is huge. Dialog had no intention to restore power services by using alternative power sources until now.
I am using a SLT Mobitel connection now for connectivity. However my primary number is with Dialog and no way to access it. Many are struggling to do a fund transfer or to login to services because no way to receive OTPs.
Dialog has damaged its reputation with their negligence in this matter. Ampara region didnâ€™t have any major flood situation and road access are good and transport services are operating as usual. It is day five while writing this post and no effort to restore the services by Dialog.",9cd25e3e934540119e618d2b775a8054d1c4f5b21b50c3d1eb7a8e96b51452ff,0,scrape_linkedin
f5aa6a679b313f0d,2025-12-03T09:43:13.563227,linkedin,profile_monitoring,,"Nazer K
Nazer K",https://www.linkedin.com,,"ÙŠØ³Ø±Ù‘ Ù‚Ø³Ù… Ø§Ù„Ù„ØºØ© Ø§Ù„Ø¹Ø±Ø¨ÙŠØ© Ø¨ÙƒÙ„ÙŠØ© Ø¯Ø§Ø± Ø§Ù„Ø¹Ù„ÙˆÙ… Ø§Ù„Ø¹Ø±Ø¨ÙŠØ© â€“ ÙˆØ§ÙŠÙƒØ§Ø¯
ÙˆØ¨Ø§Ù„ØªØ¹Ø§ÙˆÙ† Ù…Ø¹ Ù‚Ø³Ù… Ø§Ù„Ù„ØºØ© Ø§Ù„Ø¹Ø±Ø¨ÙŠØ© Ø¨Ø¬Ø§Ù…Ø¹Ø© ÙƒØ§Ù„ÙŠÙƒÙˆØª â€“ Ø§Ù„Ù‡Ù†Ø¯
Ø£Ù† ÙŠØ¯Ø¹ÙˆÙƒÙ… Ø¥Ù„Ù‰ Ø­Ø¶ÙˆØ± Ø§Ù„Ù†Ø¯ÙˆØ© Ø¶Ù…Ù† Ø³Ù„Ø³Ù„Ø© Ø§Ù„Ù†Ø¯ÙˆØ§Øª Ø§Ù„Ø¯ÙˆÙ„ÙŠØ© Ø¨Ø¹Ù†ÙˆØ§Ù†:âœ¨ Ø¢ÙØ§Ù‚ Ø§Ù„Ù„ØºØ© Ø§Ù„Ø¹Ø±Ø¨ÙŠØ© âœ¨
Ø§Ù„Ø¬Ù„Ø³Ø© Ø§Ù„Ø®Ø§Ù…Ø³Ø© Ø­ÙˆÙ„
ğŸ™ï¸ Ø§Ù„Ø£Ø®Ø·Ø§Ø¡ Ø§Ù„Ø´Ø§Ø¦Ø¹Ø© ÙÙŠ Ø§Ù„Ø¹Ø±Ø¨ÙŠØ©
ğŸ“… Ø§Ù„Ø¬Ù…Ø¹Ø©ØŒ 28 Ù†ÙˆÙÙ…Ø¨Ø± 2025Ù…
ğŸ•£ Ø§Ù„ÙˆÙ‚Øª: 08:30 Ù…Ø³Ø§Ø¡Ù‹ (Ø¨ØªÙˆÙ‚ÙŠØª Ø§Ù„Ù‡Ù†Ø¯)
ğŸ“š Ø­Ø¶ÙˆØ±ÙƒÙ… ÙŠØ´Ø±ÙÙ†Ø§ ÙˆÙŠØ«Ø±ÙŠ Ø§Ù„Ø­ÙˆØ§Ø±.
ğŸ”— Ù„Ù…Ù† ÙŠØ±ØºØ¨ ÙÙŠ Ø§Ù„Ø­ØµÙˆÙ„ Ø¹Ù„Ù‰ Ø±Ø§Ø¨Ø· Ø§Ù„Ø­Ø¶ÙˆØ± Ø£Ùˆ Ø±Ø§Ø¨Ø· Ø§Ù„ØªØ³Ø¬ÙŠÙ„ØŒ Ø§Ù„Ø±Ø¬Ø§Ø¡ Ø§Ù„ØªÙˆØ§ØµÙ„ Ù…Ø¹ÙŠ Ù…Ø¨Ø§Ø´Ø±Ø© Ø¹Ø¨Ø± Ø§Ù„Ø±Ø³Ø§Ø¦Ù„.
hashtag
#Ø§Ù„Ù„ØºØ©_Ø§Ù„Ø¹Ø±Ø¨ÙŠØ©
hashtag
#ØªØ¹Ù„ÙŠÙ…_Ø§Ù„Ù„ØºØ©_Ø§Ù„Ø¹Ø±Ø¨ÙŠØ©
hashtag
#Ù…Ø­Ø§Ø¶Ø±Ø§Øª_Ø¹Ø±Ø¨ÙŠØ©
hashtag
#Ù†Ø¯ÙˆØ§Øª_Ø¹Ø±Ø¨ÙŠØ©
hashtag
#Ù…Ø¤ØªÙ…Ø±_Ø¹Ø±Ø¨ÙŠ
hashtag
#Ø¹Ø±Ø¨ÙŠØ©_Ø¨Ù„Ø§_Ø­Ø¯ÙˆØ¯
hashtag
#Ø§Ù„Ø¹Ø±Ø¨ÙŠØ©_Ø­ÙˆÙ„_Ø§Ù„Ø¹Ø§Ù„Ù…
hashtag
#Ø£Ø¨Ø­Ø§Ø«_Ù„ØºÙˆÙŠØ©
hashtag
#Ø¯Ø±Ø§Ø³Ø§Øª_Ø¹Ø±Ø¨ÙŠØ©
hashtag
#Ù…Ù‡Ø§Ø±Ø§Øª_Ø§Ù„ØªÙˆØ§ØµÙ„
hashtag
#ØªØ·ÙˆÙŠØ±_Ù„ØºÙˆÙŠ
hashtag
#Ù„Ø³Ø§Ù†ÙŠØ§Øª_Ø¹Ø±Ø¨ÙŠØ©
hashtag
#Ø·Ù„Ø§Ø¨_Ø§Ù„Ù„ØºØ©_Ø§Ù„Ø¹Ø±Ø¨ÙŠØ©
hashtag
#Ù„ØºÙˆÙŠØ§Øª
hashtag
#Ø¨Ù„Ø§ØºØ©
hashtag
#Ø¨ÙŠØ§Ù†
hashtag
#ÙØµØ§Ø­Ø©
hashtag
#Ø¹Ø±Ø¨ÙŠØ©_ÙØµÙŠØ­Ø©
hashtag
#Ù†Ø­Ùˆ
hashtag
#ØµØ±Ù
hashtag
#Ø£Ø¯Ø¨_Ø¹Ø±Ø¨ÙŠ
hashtag
#ØªØ§Ø±ÙŠØ®_Ø§Ù„Ù„ØºØ©
hashtag
#Ø«Ù‚Ø§ÙØ©_ÙˆÙ„ØºØ©
hashtag
#Ø¥ØªÙ‚Ø§Ù†_Ø§Ù„Ø¹Ø±Ø¨ÙŠØ©
hashtag
#ØªØ¹Ù„Ù…_Ø¹Ù†_Ø¨Ø¹Ø¯
hashtag
#Webinar
hashtag
#OnlineEvent
hashtag
#ArabicWebinar
hashtag
#ArabicEvent
hashtag
#Ø¬Ø§Ù…Ø¹Ø©
hashtag
#Ù…Ø¤Ø³Ø³Ø§Øª_ØªØ¹Ù„ÙŠÙ…ÙŠØ©
hashtag
#Ø®Ø¨Ø±Ø§Ø¡_Ø§Ù„Ù„ØºØ©
hashtag
#Ø§Ù„ØªÙˆØ§ØµÙ„_Ø§Ù„Ø¹Ø±Ø¨ÙŠ
hashtag
#Ù„ØºØ§Øª_ÙˆØ«Ù‚Ø§ÙØ§Øª
hashtag
#Ø§Ù„ØªØ¹Ù„ÙŠÙ…_Ø§Ù„Ø¬Ø§Ù…Ø¹ÙŠ
hashtag
#Ø¯Ø±Ø§Ø³Ø§Øª_Ø¹Ù„ÙŠØ§
hashtag
#Ø£ÙƒØ§Ø¯ÙŠÙ…ÙŠÙˆÙ†
hashtag
#Ø¨Ø§Ø­Ø«ÙˆÙ†
hashtag
#ØªÙ†Ù…ÙŠØ©_Ù…Ù‡Ø§Ø±Ø§Øª
hashtag
#ProfessionalDevelopment
hashtag
#ArabicAcademics
hashtag
#LanguageLearning
hashtag
#DigitalLearning
hashtag
#EducationEvent
hashtag
#HigherEducation",f5aa6a679b313f0deda5f42a25a2e410ac07ce0ec4b3d163a5f4f8e10cbc4328,0,scrape_linkedin
d594effc69878727,2025-12-03T09:43:14.195534,linkedin,profile_monitoring,,"Al-Multaqa Consultancy
Al-Multaqa Consultancy",https://www.linkedin.com,,"ÙŠÙØ´Ø®Ù‘Øµ Ù…Ø¹Ø¸Ù… Ø§Ù„Ù‚Ø§Ø¯Ø© Ù…Ø´Ø§ÙƒÙ„ Ø§Ù„Ø§Ø³ØªØ±Ø§ØªÙŠØ¬ÙŠØ© ÙÙŠ Ø§Ù„Ø¨Ø¯Ø§ÙŠØ© Ø£Ùˆ Ø§Ù„Ù†Ù‡Ø§ÙŠØ©.
Ù„ÙƒÙ† Ø§Ù„Ø§Ù†Ù‡ÙŠØ§Ø± Ø§Ù„Ø­Ù‚ÙŠÙ‚ÙŠ ØºØ§Ù„Ø¨Ù‹Ø§ Ù…Ø§ ÙŠØ­Ø¯Ø« ÙÙŠ Ù…Ù†ØªØµÙ Ø§Ù„Ø·Ø±ÙŠÙ‚ - Ø¹Ù†Ø¯ ØªØ³Ù„ÙŠÙ… Ø§Ù„Ù…Ù‡Ø§Ù….
ÙÙŠ Ø¨ÙŠØ¦Ø§Øª Ø¯ÙˆÙ„ Ù…Ø¬Ù„Ø³ Ø§Ù„ØªØ¹Ø§ÙˆÙ† Ø§Ù„Ø®Ù„ÙŠØ¬ÙŠ Ø§Ù„Ù…ØªÙ†ÙˆØ¹Ø© Ø«Ù‚Ø§ÙÙŠÙ‹Ø§ØŒ Ù„ÙŠØ³ Ø§Ù„ØªÙˆØ§ØµÙ„ Ø£Ù…Ø±Ù‹Ø§ ""Ù…ÙØ­Ø¨Ø¨Ù‹Ø§""... Ø¨Ù„ Ù‡Ùˆ Ù…Ø§ ÙŠÙØ­Ø§ÙØ¸ Ø¹Ù„Ù‰ Ø§Ù„Ø³Ù„Ø·Ø© ÙˆØ§Ù„Ø«Ù‚Ø© ÙˆØ§Ù„ØªÙˆØ§ÙÙ‚.
Ø£ÙŠÙ† ØªÙÙ‚Ø¯ Ø§Ø³ØªØ±Ø§ØªÙŠØ¬ÙŠØªÙƒ Ø²Ø®Ù…Ù‡Ø§ØŸ Ø´Ø§Ø±Ùƒ ØªØ¬Ø±Ø¨ØªÙƒ Ø£Ø¯Ù†Ø§Ù‡!
hashtag
#StrategyExecution
hashtag
#CulturalNavigation
hashtag
#ExecutiveCompass
hashtag
#AlMultaqaConsultancy
hashtag
#Leadership",d594effc6987872730aa151b397566c7d017de81f9a73bf59bb69d8b9581ebff,0,scrape_linkedin
0c0196cbccc7897a,2025-12-03T09:43:14.649706,linkedin,profile_monitoring,,"SAUDI TECHNOLOGY LEADER
SAUDI TECHNOLOGY LEADER",https://www.linkedin.com,,"Ø±Ù‚ÙŠØ¨ RAQEB
Ø¨Ø±Ù†Ø§Ù…Ø¬ Ø§Ù„Ù…Ø­Ø§Ø³Ø¨Ø© Ø§Ù„Ù…ÙˆØ­Ø¯ Ø§Ù„Ø³Ø­Ø§Ø¨ÙŠ
Ø¥Ø·Ù„Ø§Ù‚ Ø§Ù„Ù†Ø³Ø®Ø© Ø§Ù„ØªØ¬Ø±ÙŠØ¨ÙŠØ© Ø§Ù„Ø£ÙˆÙ„ÙŠØ©
â€“ ÙŠØ³ØªØ­Ù‚ Ø£Ù† ÙŠÙƒÙˆÙ† Ø§Ù„Ø®ÙŠØ§Ø± Ø§Ù„Ø£ÙˆÙ„ Ù„Ù„ØªØ¬Ø§Ø±Ù‡ ÙÙŠ Ø§Ù„Ù…Ù…Ù„ÙƒØ©! Ø£ÙˆÙ„ Ø¨Ø±Ù†Ø§Ù…Ø¬ Ø³Ø¹ÙˆØ¯ÙŠ Ù…ÙˆØ­Ø¯ ÙŠØ±Ø¨Ø· Ø§Ù„ØªØ§Ø¬Ø± ÙˆØ§Ù„Ù…Ø´ØªØ±ÙŠ ÙˆØ§Ù„Ø¬Ù‡Ø§Øª Ø§Ù„Ø±Ø³Ù…ÙŠØ© ÙÙŠ Ù„Ø­Ø¸Ø© ÙˆØ§Ø­Ø¯Ø©.
ğŸ’¡ Ù…ÙŠØ²Ø© ÙØ±ÙŠØ¯Ø© ÙˆÙ…Ø¨ØªÙƒØ±Ø© Ù„Ø§ Ø³Ø§Ø¨Ù‚Ø© Ù„Ù‡Ø§ ÙÙŠ Ø§Ù„Ø³ÙˆÙ‚: Ø¹Ù†Ø¯ Ø§Ù„Ø¯ÙØ¹ Ø§Ù„Ù†Ù‚Ø¯ÙŠ Ø¨Ù…Ø¨Ù„Øº ÙŠØªØ¬Ø§ÙˆØ² 100 Ø±ÙŠØ§Ù„ØŒ ÙŠÙ‚ÙˆÙ… Ø§Ù„Ù…Ø´ØªØ±ÙŠ Ø¨ØªÙ…Ø±ÙŠØ± Ø¨Ø·Ø§Ù‚ØªÙ‡ Ø§Ù„ÙØ¹Ù„ÙŠØ© Ø£Ùˆ Ø§Ù„Ø§ÙØªØ±Ø§Ø¶ÙŠØ© Ø§Ù„Ù‡ÙˆÙŠØ©. Ø¹Ø¨Ø± Ø¬Ù‡Ø§Ø² NFCØŒ Ù„ÙŠØªÙ… Ø§Ù„ØªØ­Ù‚Ù‚ Ø§Ù„ÙÙˆØ±ÙŠ Ù…Ù† Ø§Ù„Ù‡ÙˆÙŠØ© ÙˆØ¥Ø±Ø³Ø§Ù„ ØªÙ‚Ø±ÙŠØ± Ù„Ø­Ø¸ÙŠ Ù„Ù„Ø¬Ù‡Ø§Øª Ø§Ù„Ù…Ø¹Ù†ÙŠØ©ØŒ Ù…Ù…Ø§ ÙŠØ¶Ù…Ù† Ø£Ø¹Ù„Ù‰ Ù…Ø³ØªÙˆÙŠØ§Øª Ø§Ù„Ø´ÙØ§ÙÙŠØ© ÙˆØ§Ù„Ø§Ù…ØªØ«Ø§Ù„.
âœ¨ Ø±Ù‚ÙŠØ¨ Ø§Ù„Ø°ÙƒÙŠ Ø§Ù„Ø­Ù„ Ø§Ù„Ø£Ù…Ø«Ù„ Ù„Ù…Ø´Ø§ÙƒÙ„ Ø§Ù„Ù…ÙˆØ±Ø¯ÙŠÙ†:
ÙÙŠ Ø­Ø§Ù„ ØªØ£Ø®Ø± Ø§Ù„Ø³Ø¯Ø§Ø¯ Ù…Ù† 30 Ø¥Ù„Ù‰ 90 ÙŠÙˆÙ…Ù‹Ø§ØŒ ØªØªØ­ÙˆÙ„ Ø§Ù„ÙØ§ØªÙˆØ±Ø© Ù…Ø¨Ø§Ø´Ø±Ø© Ø¥Ù„Ù‰ Ø³Ù†Ø¯ ØªÙ†ÙÙŠØ° Ø±Ø³Ù…ÙŠ Ø¹Ø¨Ø± ÙˆØ²Ø§Ø±Ø© Ø§Ù„Ø¹Ø¯Ù„ØŒ Ù„ØªØµØ¨Ø­ Ø§Ù„Ù…Ø¯ÙŠÙˆÙ†ÙŠØ© Ø¹Ù„Ù‰ Ø§Ù„ØªØ§Ø¬Ø± Ù…Ù„Ø²Ù…Ø© ÙˆÙ‚Ø§Ø¨Ù„Ø© Ù„Ù„ØªØ­ØµÙŠÙ„ ÙÙˆØ±Ù‹Ø§.
ğŸ’³ ÙƒÙ…Ø§ ÙŠØ¯Ø¹Ù… Ø§Ù„Ø¨Ø±Ù†Ø§Ù…Ø¬ Ø§Ù„Ø¯ÙØ¹ Ø¹Ø¨Ø± Ø§Ù„Ø¨Ø·Ø§Ù‚Ø© Ø§Ù„Ø¨Ù†ÙƒÙŠØ© Ù„Ø£ÙŠ Ù‚ÙŠÙ…Ø©ØŒ Ù…Ø¹ ØªÙ‚Ø§Ø±ÙŠØ± ÙÙˆØ±ÙŠØ© ØªØ±Ø¨Ø· Ø§Ù„Ø¹Ù…Ù„ÙŠØ© Ù…Ø¨Ø§Ø´Ø±Ø© Ø¨Ø§Ù„Ø¬Ù‡Ø§Øª Ø§Ù„Ù…Ø¹Ù†ÙŠØ©.
-Ù‡ÙˆÙŠØ© Ø³Ø¹ÙˆØ¯ÙŠØ© Ø£ØµÙŠÙ„Ø©ØŒ Ø¯Ù‚Ø© Ø¹Ø§Ù„Ù…ÙŠØ©ØŒ ÙˆØªØ¬Ø±Ø¨Ø© Ø¨ÙŠØ¹ Ù…ØªÙƒØ§Ù…Ù„Ø© ÙˆØ¢Ù…Ù†Ø©.
ğŸ”— Ø¬Ø±Ø¨ Ø§Ù„Ù†Ø³Ø®Ø© Ø§Ù„ØªØ¬Ø±ÙŠØ¨ÙŠØ© Ø§Ù„Ø¢Ù†: https://raqebgaap.net/
âœ¨ Ù…Ù† Ø§Ø¨ØªÙƒØ§Ø± Ø´Ø±ÙƒØ© STLØŒ Ø§Ù„Ø±Ø§Ø¦Ø¯Ø© ÙÙŠ Ø§Ù„Ø­Ù„ÙˆÙ„ Ø§Ù„ØªÙ‚Ù†ÙŠØ© Ø§Ù„Ø³Ø¹ÙˆØ¯ÙŠØ©ØŒ Ù„ØªÙ‚Ø¯ÙŠÙ… Ø¨Ø±Ù†Ø§Ù…Ø¬ Ù…Ø­Ø§Ø³Ø¨ÙŠ Ø°ÙƒÙŠ ÙŠÙ„ÙŠÙ‚ Ø¨Ø±Ø¤ÙŠØ© Ø§Ù„Ù…Ù…Ù„ÙƒØ© 2030
hashtag
#ÙˆÙ„ÙŠ_Ø§Ù„Ø¹Ù‡Ø¯
hashtag
#Ø§Ù„Ù…Ù…Ù„ÙƒØ©_ØªØ²Ø¯Ù‡Ø±
hashtag
#Ø§Ù„Ù…Ø¯ÙŠÙ†Ø©_Ø§Ù„Ù…Ù†ÙˆØ±Ø©
hashtag
#Ù‡ÙŠØ¦Ø©_ØªØ·ÙˆÙŠØ±_Ø§Ù„Ù…Ø¯ÙŠÙ†Ø©
hashtag
#Ø£Ù…Ø§Ø±Ø©_Ù…Ù†Ø·Ù‚Ø©_Ø§Ù„Ù…Ø¯ÙŠÙ†Ø©_Ø§Ù„Ù…Ù†ÙˆØ±Ø©
hashtag
#Ø£Ù…Ø§Ù†Ø©_Ø§Ù„Ù…Ø¯ÙŠÙ†Ø©_Ø§Ù„Ù…Ù†ÙˆØ±Ø©
hashtag
#Ø±Ø¤ÙŠØ©_Ø§Ù„Ø³Ø¹ÙˆØ¯ÙŠØ©_2030
hashtag
#Ø§Ù„Ø³Ø¹ÙˆØ¯ÙŠØ©
â€«
hashtag
#Ø·Ù…ÙˆØ­Ù†Ø§_Ø£Ø¨Ø¹Ø¯â€¬
hashtag
#Ø£ÙƒØ§Ø¯ÙŠÙ…ÙŠØ©_Ø§Ù„Ù…Ù„ÙƒÙŠØ©_Ø§Ù„ÙÙƒØ±ÙŠØ©
â€«
hashtag
#Ø¥Ø­Ø¯Ù‰_Ø´Ø±ÙƒØ§Øª_Ø§Ù„ØµÙ†Ø¯ÙˆÙ‚
hashtag
#ØªØ£Ø«ÙŠØ±_Ø§Ù„ØµÙ†Ø¯ÙˆÙ‚
hashtag
#Ù†Ø³ØªØ«Ù…Ø±_Ù„Ù„Ø£ÙØ¶Ù„
â§â€«
hashtag
#Ù…Ø­Ù…Ø¯_Ø¨Ù†_Ø³Ù„Ù…Ø§Ù†
hashtag
#aPIFcompany
hashtag
#Ù‡ÙŠÙˆÙ…Ø§ÙŠÙ†
hashtag
#HUMAIN
hashtag
#RallySaudiArabia
hashtag
#Ù…Ø³Ùƒ_Ø§Ù„Ø§Ù†Ø·Ù„Ø§Ù‚
hashtag
#Ù‚Ø§Ø¯Ø©_2030_Ù„Ù„Ù…Ù…Ù„ÙƒØ©
hashtag
#Ù…Ù„ÙŠÙˆÙ†_Ø³Ø¹ÙˆØ¯ÙŠ_AI
hashtag
#Ø¹Ø¯Ø³Ø©_Ø§Ù„Ø§Ø¨ØªÙƒØ§Ø±
hashtag
#ØªØ­ÙƒÙ…
hashtag
#Ø±Ø¤ÙŠØ©_Ø§Ù„Ø³Ø¹ÙˆØ¯ÙŠØ©_2030
hashtag
#Prince_Mohammed_bin_Salman_Stadium
hashtag
#Ù…Ø§Ù„Ù‡_Ø­Ø¯
hashtag
#Ø¨Ø§Ù„Ø¨Ù†Ùƒ_Ø§Ù„Ø¹Ø±Ø¨ÙŠ_Ø§Ù„ÙˆØ·Ù†ÙŠ
â€â§â€«
hashtag
#Ù…Ø³Ø§Ø±Ø§Øª_Ø±ÙˆØ­Ø§Ù†ÙŠØ©â€¬â©
â€â§â€«
hashtag
#Ù…Ø³Ø§Ø±Ø§Øª_ØªØ±Ø¨Ø·Ù†Ø§_Ø¨Ø§Ù„Ù…Ø³ØªÙ‚Ø¨Ù„â€¬â©
â€â§â€«
hashtag
#ÙˆØ²Ø§Ø±Ø©_Ø§Ù„Ù†Ù‚Ù„_ÙˆØ§Ù„Ø®Ø¯Ù…Ø§Øª_Ø§Ù„Ù„ÙˆØ¬Ø³ØªÙŠØ©
hashtag
#Ø§Ù„Ø¨Ù†Ùƒ_Ø§Ù„Ù…Ø±ÙƒØ²ÙŠ_Ø§Ù„Ø³Ø¹ÙˆØ¯ÙŠ
â€â§â€«
hashtag
#Ù…Ø³Ø§Ø±Ø§Øª_Ù„Ù„Ù…Ø³ØªÙ‚Ø¨Ù„â€¬â©
â§â€«
hashtag
#Ù…Ø±ÙƒØ²_Ø§Ù„Ù…Ù‡Ø§Ø±Ø§Øª_Ø§Ù„Ù…Ø§Ù„ÙŠØ©â€¬â©
hashtag
#Hiring
hashtag
#TechnicalSupport
hashtag
#Riyadh
hashtag
#ÙÙ„Ùƒ_Ù„Ø¹Ù„ÙˆÙ…_ÙˆØ£Ø¨Ø­Ø§Ø«_Ø§Ù„ÙØ¶Ø§Ø¡
hashtag
#Ù…Ù†Ø´Ø¢Øª
hashtag
#Ø£Ø³Ø¨ÙˆØ¹_Ø§Ù„Ø§Ø¨ØªÙƒØ§Ø±_2025
",0c0196cbccc7897ac8414b6506de6798e3bec1170cb261737a556b5ac3b287c8,0,scrape_linkedin
d7809f2ddf3ff8b5,2025-12-03T09:43:15.512509,linkedin,profile_monitoring,,"Haris Muhammad
Haris Muhammad",https://www.linkedin.com,,"ØªØ¹Ù„Ù‘ÙŠÙ… Ø§Ù„Ù„ØºØ© Ø§Ù„Ø¹Ø±Ø¨ÙŠØ© Ø¨Ø§Ù„Ù†Ø³Ø¨Ø© Ù„ÙŠ Ù„ÙŠØ³ ÙˆØ¸ÙŠÙØ©ØŒ Ø¨Ù„ Ø´ØºÙÙŒ Ø£Ø¹ÙŠØ´Ù‡ ÙƒÙ„ ÙŠÙˆÙ… ğŸŒ
Ø£Ø­Ø¨ Ø£Ù† Ø£Ø±Ù‰ Ø§Ù„Ù…ØªØ¹Ù„Ù‘Ù… ÙˆÙ‡Ùˆ ÙŠÙ†ØªÙ‚Ù„ Ù…Ù† Ø§Ù„ØªØ±Ø¯Ù‘Ø¯ Ø¥Ù„Ù‰ Ø§Ù„Ø·Ù„Ø§Ù‚Ø©ØŒ ÙˆÙ…Ù† Ø­ÙØ¸ Ø§Ù„Ù‚Ø§Ø¹Ø¯Ø© Ø¥Ù„Ù‰ Ø§Ø³ØªØ®Ø¯Ø§Ù…Ù‡Ø§ Ø¨Ø«Ù‚Ø© ÙÙŠ Ø§Ù„Ø­Ø¯ÙŠØ« ÙˆØ§Ù„ÙƒØªØ§Ø¨Ø© ğŸ“–
Ø£Ø¹Ù…Ù„ Ø¹Ù„Ù‰ Ù…Ø³Ø§Ø¹Ø¯Ø© Ø§Ù„Ø·Ù„Ø§Ø¨ Ø¹Ù„Ù‰ ÙÙ‡Ù… Ø§Ù„Ø¹Ø±Ø¨ÙŠØ© Ø¨Ø·Ø±ÙŠÙ‚Ø© Ø¨Ø³ÙŠØ·Ø© ÙˆÙˆØ§Ø¶Ø­Ø©ØŒ Ø¨Ø¹ÙŠØ¯Ù‹Ø§ Ø¹Ù† Ø§Ù„ØªØ¹Ù‚ÙŠØ¯ØŒ Ù…Ø¹ Ø§Ù„ØªØ±ÙƒÙŠØ² Ø¹Ù„Ù‰ Ø§Ù„Ù…Ø­Ø§Ø¯Ø«Ø©ØŒ ÙˆØµÙ‚Ù„ Ø§Ù„Ø£Ø³Ù„ÙˆØ¨ØŒ ÙˆØ±Ø¨Ø· Ø§Ù„Ù„ØºØ© Ø¨Ø«Ù‚Ø§ÙØªÙ‡Ø§ Ø§Ù„Ø¹Ù…ÙŠÙ‚Ø©.
ÙˆØ£Ø¤Ù…Ù† Ø£Ù†Ù‘ ÙƒÙ„ Ù…ØªØ¹Ù„Ù… Ù‚Ø§Ø¯Ø± Ø¹Ù„Ù‰ Ø¥ØªÙ‚Ø§Ù† Ø§Ù„Ø¹Ø±Ø¨ÙŠØ© Ù…ØªÙ‰ Ù…Ø§ ÙˆØ¬Ø¯ Ù…Ù† ÙŠØ±Ø´Ø¯Ù‡ Ø¨Ø®Ø·ÙˆØ§Øª Ø«Ø§Ø¨ØªØ© ÙˆÙ…Ù†Ù‡Ø¬ ÙˆØ§Ø¶Ø­....
Ø£Ø³Ø¹Ø¯ Ø¨Ø§Ù„ØªÙˆØ§ØµÙ„ Ù…Ø¹ ÙƒÙ„ Ù…Ù† ÙŠØ±ØºØ¨ ÙÙŠ ØªØ·ÙˆÙŠØ± Ù„ØºØªÙ‡ Ø§Ù„Ø¹Ø±Ø¨ÙŠØ© Ø£Ùˆ Ø¨Ø¯Ø£ Ø±Ø­Ù„ØªÙ‡ ÙÙŠÙ‡Ø§ ğŸ¤—
hashtag
#ArabicTeacher
hashtag
#LearnArabic
hashtag
#LanguageSkills
hashtag
#TeachingExperience
hashtag
#Educat",d7809f2ddf3ff8b5ad2148f4ee8966484e34a1e01742424eaa6b35e7e0ea6608,0,scrape_linkedin
fa53728909257710,2025-12-03T09:43:15.974244,linkedin,profile_monitoring,,"Md. Suruz Raihan
Md. Suruz Raihan",https://www.linkedin.com,,"à¦†à¦²à¦¹à¦¾à¦®à¦¦à§à¦²à¦¿à¦²à§à¦²à¦¾à¦¹ ğŸ’¼âœ¨ à¦•à¦°à§à¦ªà§‹à¦°à§‡à¦Ÿ à¦Ÿà§à¦¯à§à¦° â€” à¦•à¦¾à¦œà§‡à¦° à¦®à¦¾à¦à§‡ à¦à¦•à¦Ÿà§ à¦¬à¦¿à¦¶à§à¦°à¦¾à¦®, à¦¸à¦®à§à¦ªà¦°à§à¦•à§‡à¦° à¦®à¦¾à¦à§‡ à¦¨à¦¤à§à¦¨ à¦¬à¦¨à§à¦§à¦¨! âœ¨ğŸŒ¿
à¦¬à§à¦¯à¦¸à§à¦¤ à¦…à¦«à¦¿à¦¸ à¦²à¦¾à¦‡à¦«à§‡à¦° à¦šà¦¾à¦ª à¦­à§à¦²à§‡ à¦à¦•à¦Ÿà§ à¦˜à§à¦°à§‡ à¦†à¦¸à§à¦¨ à¦¸à¦¹à¦•à¦°à§à¦®à§€à¦¦à§‡à¦° à¦¸à¦™à§à¦—à§‡ â€”
à¦¯à§‡à¦–à¦¾à¦¨à§‡ à¦¥à¦¾à¦•à¦¬à§‡ à¦¹à¦¾à¦¸à¦¿, à¦¬à¦¿à¦¶à§à¦°à¦¾à¦® à¦†à¦° à¦Ÿà¦¿à¦®à¦“à§Ÿà¦¾à¦°à§à¦•à§‡à¦° à¦®à¦œà¦¬à§à¦¤ à¦¬à¦¨à§à¦§à¦¨! ğŸ˜
ğŸ‘‰ à¦•à¦°à§à¦ªà§‹à¦°à§‡à¦Ÿ à¦Ÿà§à¦¯à§à¦° à¦®à¦¾à¦¨à§‡ à¦¶à§à¦§à§ à¦­à§à¦°à¦®à¦£ à¦¨à§Ÿ â€”
âœ… à¦à¦•à§‡ à¦…à¦ªà¦°à¦•à§‡ à¦¨à¦¤à§à¦¨à¦­à¦¾à¦¬à§‡ à¦œà¦¾à¦¨à¦¾à¦° à¦¸à§à¦¯à§‹à¦—
âœ… à¦Ÿà¦¿à¦® à¦¸à§à¦ªà¦¿à¦°à¦¿à¦Ÿ à¦“ à¦•à¦°à§à¦®à¦‰à¦¦à§à¦¦à§€à¦ªà¦¨à¦¾ à¦¬à§ƒà¦¦à§à¦§à¦¿
âœ… à¦®à¦¨ à¦“ à¦¶à¦°à§€à¦°à¦•à§‡ à¦¸à¦¤à§‡à¦œ à¦•à¦°à¦¾
âœ… à¦ªà¦°à¦¬à¦°à§à¦¤à§€ à¦•à¦¾à¦œà§‡à¦° à¦œà¦¨à§à¦¯ à¦¨à¦¤à§à¦¨ à¦à¦¨à¦¾à¦°à§à¦œà¦¿ à¦¸à¦‚à¦—à§à¦°à¦¹
ğŸŒ„ à¦¸à¦¾à¦œà§‡à¦•, à¦•à¦•à§à¦¸à¦¬à¦¾à¦œà¦¾à¦°, à¦¸à¦¿à¦²à§‡à¦Ÿ, à¦¸à§‡à¦¨à§à¦Ÿà¦®à¦¾à¦°à§à¦Ÿà¦¿à¦¨ à¦¸à¦¹ à¦¥à¦¾à¦‡à¦²à§à¦¯à¦¾à¦¨à§à¦¡ à¦¸à¦¿à¦™à§à¦—à¦¾à¦ªà§à¦° à¦®à¦¾à¦²à§‡à¦¶à¦¿à§Ÿà¦¾ à¦¦à§‡à¦¶ à¦¬à¦¿à¦¦à§‡à¦¶à§‡ â€”
à¦¯à§‡à¦–à¦¾à¦¨à§‡à¦‡ à¦¯à¦¾à¦¨, Rayhan Holidayz I à¦°à¦¾à§Ÿà¦¹à¦¾à¦¨ à¦¹à¦²à¦¿à¦¡à§‡à¦œ à¦¥à¦¾à¦•à¦¬à§‡ à¦†à¦ªà¦¨à¦¾à¦° à¦ªà¦¾à¦¶à§‡ à¦†à¦°à¦¾à¦®à¦¦à¦¾à§Ÿà¦•, à¦¨à¦¿à¦°à¦¾à¦ªà¦¦ à¦“ à¦¸à§à¦®à¦°à¦£à§€à§Ÿ à¦†à§Ÿà§‹à¦œà¦¨ à¦¨à¦¿à§Ÿà§‡ ğŸšŒğŸ’«
ğŸ“… à¦à¦–à¦¨à¦‡ à¦¬à§à¦• à¦•à¦°à§à¦¨ à¦†à¦ªà¦¨à¦¾à¦° à¦ªà§à¦°à¦¤à¦¿à¦·à§à¦ à¦¾à¦¨à§‡à¦° à¦•à¦°à§à¦ªà§‹à¦°à§‡à¦Ÿ à¦Ÿà§à¦¯à§à¦°
â˜ï¸ à¦¯à§‹à¦—à¦¾à¦¯à§‹à¦— à¦•à¦°à§à¦¨ à¦†à¦œà¦‡ â€”
à¦à¦•à¦¸à¦¾à¦¥à§‡ à¦•à¦¾à¦œà§‡à¦° à¦®à¦¤à§‹ à¦à¦•à¦¸à¦¾à¦¥à§‡ à¦†à¦¨à¦¨à§à¦¦à¦“ à¦¹à§‹à¦• à¦…à¦¬à¦¿à¦¸à§à¦®à¦°à¦£à§€à§Ÿ! ğŸ˜
hashtag
#CorporateTour
hashtag
#TeamBuilding
hashtag
#makkah
hashtag
#videoviralã‚·
hashtag
#madina
hashtag
#rayhanholidayz
hashtag
#OfficeTrip
hashtag
#SajekValley
hashtag
#Coxsbazar
hashtag
#TeamSpirit
hashtag
#WorkAndTravel",fa53728909257710779f2022a1567a73a4bd8293a7e4f84e31b1fd8475347cd9,0,scrape_linkedin
99d36fb0176b92cb,2025-12-03T09:43:16.535380,linkedin,profile_monitoring,,"Ziad Aboelfotoh ( PMP, IPMA, PMO, PRMG )
Ziad Aboelfotoh ( PMP, IPMA, PMO, PRMG )",https://www.linkedin.com,,"ğŸ—’ï¸ Ø¹Ù‚Ø¯ Ø§Ù„Ù…Ø´Ø±ÙˆØ¹ Ø§Ù„Ù‡Ù†Ø¯Ø³ÙŠ ... Ø§Ù„Ù…ÙØ±ÙˆØ¶ Ø¨ÙŠØºØ·ÙŠ ÙƒÙ„ Ø­Ø§Ø¬Ø© Ø¯Ø§Ø®Ù„ Ø§Ù„Ù…Ø´Ø±ÙˆØ¹ ......ÙÙŠÙ‡ Ø¯Ø§ÙŠÙ…Ø§ Ù…Ù†Ø·Ù‚Ø© Ø±Ù…Ø§Ø¯ÙŠØ© Ø¥Ø³Ù…Ù‡Ø§ *""Ø®Ø§Ø±Ø¬ Ø§Ù„Ø¹Ù‚Ø¯""*
Ø¨ØªØ£Ø«Ø± Ù…Ø¨Ø§Ø´Ø±Ø© Ø¹Ù„ÙŠ ÙƒÙ„ Ø­Ø§Ø¬Ø© ÙÙŠ Ø§Ù„Ù…Ø´Ø±ÙˆØ¹ Ùˆ Ù„Ø§Ø²Ù… ØªØªØ±Ø¨Ø· Ø¨Ø·Ø±ÙŠÙ‚Ø© ØªÙ†ÙÙŠØ° Ø§Ù„Ù…Ø´Ø±ÙˆØ¹ Ø§Ù„Ù„ÙŠ Ù‡ÙŠ Ø¨ÙŠØ­ÙƒÙ…Ù‡Ø§ Ø§Ù„Ø¹Ù‚Ø¯
Ø¥ÙŠÙ‡ Ø§Ù„Ù„Ø®Ø¨Ø·Ø© Ø¯ÙŠ
Ø§Ù„Ø¹Ù‚Ø¯ âœï¸ğŸ—’ï¸ Ù‡Ùˆ Ø§Ù„Ø¨Ø¯Ø§ÙŠØ©
Ù„ÙƒÙ† ÙÙ‡Ù…Ùƒ Ù„Ù„ÙŠ *""Ø®Ø§Ø±Ø¬ Ø§Ù„Ø¹Ù‚Ø¯""* Ù‡Ùˆ Ø§Ø§Ù„ÙŠ Ø¨ÙŠØ¯Ø¹Ù…Â Ø§Ø­ØªØ±Ø§ÙÙƒ ÙƒÙ…Ø¯ÙŠØ± Ù…Ø´Ø±ÙˆØ¹
ğŸ§ Ù†Ø´ÙˆÙ Ø§Ù„Ù…Ù‚ØµÙˆØ¯ Ù…Ø¹ Ø§Ù„ÙÙŠØ¯ÙŠÙˆ Ø¯Ù‡ğŸ‘‡ğŸ‘‡
hashtag
#eng_ziadaboelfotoh
hashtag
#Ø¨Ø¨Ø³Ø§Ø·Ø©ÙˆØ¹Ù…Ù‚
hashtag
#projectmanagement
hashtag
#FutureMakers
hashtag
#projectmanagers
hashtag
#communication
hashtag
#skills",99d36fb0176b92cbd46efe208a0f87296098b57ca62f221a1eded45db7abd5d6,0,scrape_linkedin
bde99ae10383a3fb,2025-12-03T09:43:17.082499,linkedin,profile_monitoring,,"Sanzhar Shalkarbekov
Sanzhar Shalkarbekov",https://www.linkedin.com,,"Ğ£Ğ¶Ğµ Ñ‚Ñ€ĞµÑ‚Ğ¸Ğ¹ Ğ³Ğ¾Ğ´ Ğ¿Ğ¾Ğ´Ñ€ÑĞ´ Ğ¼Ñ‹ Ğ² Ğ Ğ¾Ğ±Ğ¾Ñ‚ĞµĞºĞµ Ğ¿Ñ€Ğ¾Ğ²Ğ¾Ğ´Ğ¸Ğ¼ ÑÑ‚Ñ€Ğ°Ñ‚ĞµĞ³Ğ¸Ñ‡ĞµÑĞºÑƒÑ ÑĞµÑÑĞ¸Ñ, Ğ³Ğ¾Ñ‚Ğ¾Ğ²Ğ¸Ğ¼ÑÑ Ğº Ğ¿Ñ€ĞµĞ´ÑÑ‚Ğ¾ÑÑ‰ĞµĞ¼Ñƒ ÑƒÑ‡ĞµĞ±Ğ½Ğ¾Ğ¼Ñƒ Ğ³Ğ¾Ğ´Ñƒ. Ğ“Ğ¾Ğ´ Ğ±Ñ‹Ğ» Ğ¸Ğ½Ñ‚ĞµÑ€ĞµÑĞ½Ñ‹Ğ¼ Ğ¸ Ğ½Ğ°ÑÑ‹Ñ‰ĞµĞ½Ğ½Ñ‹Ğ¼, Ğ¼Ñ‹ Ğ´Ğ¾ÑÑ‚Ğ¸Ğ³Ğ»Ğ¸ Ğ¼Ğ½Ğ¾Ğ³Ğ¸Ñ… Ğ¿Ğ¾ÑÑ‚Ğ°Ğ²Ğ»ĞµĞ½Ğ½Ñ‹Ñ… Ñ†ĞµĞ»ĞµĞ¹. Ğ¢ĞµĞ¿ĞµÑ€ÑŒ ÑÑ‚Ñ€Ğ¾Ğ¸Ğ¼ Ğ¿Ğ»Ğ°Ğ½Ñ‹, Ğ½Ğ°Ğ¼ĞµÑ‡Ğ°ĞµĞ¼ Ñ†ĞµĞ»Ğ¸ Ğ² Ğ½Ğ¾Ğ²Ğ¾Ğ¼ ÑƒÑ‡ĞµĞ±Ğ½Ğ¾Ğ¼ Ğ³Ğ¾Ğ´Ñƒ. ĞšĞ¾Ğ¼Ğ°Ğ½Ğ´Ğ° Ğ¿Ğ¾Ğ»Ğ½Ğ° ÑĞ¸Ğ» Ğ¸ ÑĞ½Ñ‚ÑƒĞ·Ğ¸Ğ°Ğ·Ğ¼Ğ°, Ğ¿Ñ€Ğ¾Ğ´Ğ¾Ğ»Ğ¶Ğ¸Ğ¼ Ñ€Ğ°Ğ±Ğ¾Ñ‚Ğ°Ñ‚ÑŒ Ğ½Ğ°Ğ´ Ğ¿Ñ€ĞµĞ´Ğ¾ÑÑ‚Ğ°Ğ²Ğ»ĞµĞ½Ğ¸ĞµĞ¼ ÑƒÑ‡ĞµĞ½Ğ¸ĞºĞ°Ğ¼ Ğ»ÑƒÑ‡ÑˆĞµĞ³Ğ¾ Ğ¾Ğ±Ñ€Ğ°Ğ·Ğ¾Ğ²Ğ°Ğ½Ğ¸Ñ Ğ² Ğ¾Ğ±Ğ»Ğ°ÑÑ‚Ğ¸ Ñ€Ğ¾Ğ±Ğ¾Ñ‚Ğ¾Ñ‚ĞµÑ…Ğ½Ğ¸ĞºĞ¸ Ğ¸ Ğ¿Ğ¾Ğ¼Ğ¾Ğ³Ğ°Ñ‚ÑŒ Ğ¸Ğ¼ ÑÑ‚Ğ°Ñ‚ÑŒ ĞºĞ¾Ğ½ĞºÑƒÑ€ĞµĞ½Ñ‚Ğ¾ÑĞ¿Ğ¾ÑĞ¾Ğ±Ğ½Ñ‹Ğ¼Ğ¸ Ğ¸Ğ½Ğ¶ĞµĞ½ĞµÑ€Ğ°Ğ¼Ğ¸ Ğ±ÑƒĞ´ÑƒÑ‰ĞµĞ³Ğ¾. Ğ¥Ğ¾Ñ‡Ñƒ Ğ¿Ğ¾Ğ±Ğ»Ğ°Ğ³Ğ¾Ğ´Ğ°Ñ€Ğ¸Ñ‚ÑŒ Ğ½Ğ°ÑˆĞµĞ³Ğ¾ alumni Ğ“Ğ°Ğ»Ñ‹Ğ¼Ğ¶Ğ°Ğ½Ğ° ĞĞ¼Ğ°Ğ½Ğ³ĞµĞ»ÑŒĞ´Ñ‹ Galymzhan Amangeldi Ğ·Ğ° Ğ¸Ğ½Ñ‚ĞµÑ€ĞµÑĞ½ÑƒÑ Ğ»ĞµĞºÑ†Ğ¸Ñ Ğ¿Ñ€Ğ¾ Agile, Ğ¸ Ğ½Ğ°ÑˆĞµĞ³Ğ¾ ĞŸĞ°Ñ€Ñ‚Ğ½Ñ‘Ñ€Ğ° Astana IT University Ğ·Ğ° Ğ¿Ğ¾Ğ´Ğ´ĞµÑ€Ğ¶ĞºÑƒ Ğ¼ĞµÑ€Ğ¾Ğ¿Ñ€Ğ¸ÑÑ‚Ğ¸Ñ. Astana IT University Ğ¨ĞºĞ¾Ğ»Ğ° Ğ¾Ğ±Ñ€Ğ°Ğ·Ğ¾Ğ²Ğ°Ñ‚ĞµĞ»ÑŒĞ½Ğ¾Ğ¹ Ñ€Ğ¾Ğ±Ğ¾Ñ‚Ğ¾Ñ‚ĞµÑ…Ğ½Ğ¸ĞºĞ¸ ""Ğ Ğ¾Ğ±Ğ¾Ñ‚ĞµĞº""",bde99ae10383a3fb230181eaae36a7a5fa262b87e05c9dbb7e6501e21585cce6,0,scrape_linkedin
b60097ae4f4ced2a,2025-12-03T09:43:17.597857,linkedin,profile_monitoring,,"Niloshan Sri Renga
Niloshan Sri Renga",https://www.linkedin.com,,"ğŸ“¡ Network Experience Matters: A Tale of Two Providers
As a long-time customer of SLT-Mobitel, I expected consistent, reliable 4G connectivity especially in today's digital-first world. Unfortunately, my recent experience has been far from that. Despite having decent signal metrics on G-NetTrack Lite, real-world speed tests tell a different story.
ğŸ“‰ SLT-Mobitel (SIM1)
ğŸ“¶ RSRP: -80 dBm | SNR: 7.0 | CQI: 9
ğŸš€ Download Speed: 820 kbps
ğŸ“¤ Upload Speed: 19 Mbps
ğŸ“ Location: Dehiwala
Compare that with:
ğŸ“ˆ Dialog Axiata (SIM2)
ğŸ“¶ RSRP: -79 dBm | SNR: 9.0 | CQI: 11
ğŸš€ Download Speed: 58 Mbps
ğŸ“¤ Upload Speed: 37 Mbps
ğŸ“ Location: Dehiwala
The difference is staggering. Same environment, similar signal strengths, but entirely different performance outcomes.
ğŸ’¬ Whatâ€™s even more concerning is that while SLT-Mobitel staff actively view my LinkedIn profile, no real steps are being taken to address ongoing quality issues. A network's value isnâ€™t in how it looks on paperâ€”but how it performs when users rely on it.
---
ğŸ” I'm sharing this not to criticize, but to urge SLT-Mobitel to listen more actively to customer feedback and take real action. In a competitive telecom market, performance is the strongest brand ambassador.
hashtag
#CustomerExperience
hashtag
#SLTMobitel
hashtag
#DialogAxiata
hashtag
#ConnectivityMatters
hashtag
#NetworkPerformance
hashtag
#SriLanka
hashtag
#DigitalFrustration
hashtag
#TelecomReality
hashtag
#Mobitel
Dr Mothilal De Silva
Pradeep Kandage
Mobitel (Pvt) Ltd. Dialog Axiata PLC",b60097ae4f4ced2a4871418c1414a0e81f5e8d0f2251fe8f84c891e0c5823848,0,scrape_linkedin
1a5910d7675f4c35,2025-12-03T09:43:18.188122,linkedin,profile_monitoring,,"Chandimal Asanka
Chandimal Asanka",https://www.linkedin.com,,"ğŸš€ ISP coverage in Sri Lanka
ğŸ“Œ Satellite (Starlink): Now operational in Sri Lanka.
ğŸ“Œ Dialog Axiata: Widest mobile coverage (2G/3G/4G/early 5G) islandwide; best speed and availability.
ğŸ“Œ SLT-Mobitel: Strong national mobile and fixed broadband (fiber and LTE); especially good in rural areas.
ğŸ“Œ Hutch: Good 4G coverage in most areas; more affordable but slightly lower speed and coverage quality.
ğŸ“Œ Airtel: Good 4G coverage; suitable for urban and suburban use with recent network upgrades.
ğŸ‘ï¸â€ğŸ—¨ï¸ Fiber broadband: Available mainly in Colombo, Kandy, Galle and other urban areas (via Dialog and SLT).
ğŸ‘ï¸â€ğŸ—¨ï¸ 5G: Limited rollout has begun in major cities (mostly by Dialog).
hashtag
#Srilanka
hashtag
#ISP
hashtag
#Coverage
hashtag
#Starlink
hashtag
#Dialog
hashtag
#SLT_Mobitel
hashtag
#Hutch
hashtag
#Airtel",1a5910d7675f4c35be898eaec055752bfaaad0c0d3697d84d331c204d2a9a5c8,0,scrape_linkedin
c57233c9b9c1158d,2025-11-11T11:35:56.000Z,twitter,competitor_mention,Dialog,NewsWire,https://x.com,,"A new water-cleaning robot, introduced by the Ministry of Environment and Dialog, is now tackling surface pollution 24/7, autonomously collecting floating waste and monitoring water quality to help fight environmental pollution.",c57233c9b9c1158d20d317636ea0dbe97ccd80f3640b32745a76147d4137a804,0,0,0,0,scrape_twitter
f2d1826e6330148a,2025-12-01T06:15:24.000Z,twitter,competitor_mention,Dialog,Dialog Senja,https://x.com,,"Believe me, a man who keeps his lady informed is a man who values her, her time, and the place she holds in his life n that will always be top tier for a woman",f2d1826e6330148a7142a0277c1a07a786535d7358a756718ba9ac2d1966e732,0,0,0,0,scrape_twitter
dcb424ebb4c9b3dd,2025-11-29T07:38:21.000Z,twitter,competitor_mention,Dialog,Prabhash Jayaweera,https://x.com,,"never imagined iâ€™d end up acting as cinta with El Putra (tebak dialog) it still feels unreal to me (crying, screaming, shaking, throwing up, pingsan)",dcb424ebb4c9b3dd7692e228ac90611fefc11ffb20d1f8fadb1b7086105b6c0d,0,0,0,0,scrape_twitter
98e7b76e61d8b3c2,2025-11-26T06:33:07.000Z,twitter,competitor_mention,Dialog,Dialog Senja,https://x.com,,Sri Lankans vote Dialog as the Telecommunication Brand of the Year for the 12th consecutive year at the SLIM KANTAR People's Awards 2023,98e7b76e61d8b3c299a71a1c3a74cb1ee66853b57161c0d61611ca6d378fe3fd,0,0,0,0,scrape_twitter
26dafc180450d30f,2025-12-03T03:13:47.000Z,twitter,competitor_mention,Dialog,Dialog Senja,https://x.com,,"are u the type of person who replies to chats with a ""fast response"" or a ""slow response"" ?",26dafc180450d30f929a544716c0674d917eddc974da7f1df458d7deee047c95,0,0,0,0,scrape_twitter
435693c510d83365,2025-11-26T17:17:36.000Z,twitter,competitor_mention,Dialog,Sri Lanka Tweet,https://x.com,,THGTWT 2025 CENSUS!! pls rt so more ppl can participate! open to everyone!! (form will close the last week of dec) link: https:// docs.google.com/forms/d/e/1FAI pQLSf7KkOCEcWNUU7DO-91A9DbJ55gYqovGrKEDAph5Z1C00S4KQ/viewform?usp=dialog â€¦,435693c510d8336515f72285abb25cb0a36051b43d6a0de082a1cb516bf7b577,0,0,0,0,scrape_twitter
deae428b4c9211bc,2015-10-20T01:09:02.000Z,twitter,competitor_mention,Dialog,Sri Lanka Tweet,https://x.com,,DIALOG People's Player Legend Kumar Sangakkara & Cricketer of the Year Angelo Mathews @ #DialogAwards #LKA #SriLanka,deae428b4c9211bc949f132b15c13c2229669feac1c442d1ed4da9c605dadcce,0,0,0,0,scrape_twitter
2c92f9c608ab0528,2025-11-30T14:54:18.000Z,twitter,competitor_mention,Dialog,ç«¹éœ–,https://x.com,,"ğ—ğ—®ğ—¶ğ—¹ğ—®ğ—» ğ—¯ğ—® ğ—¹ğ˜‚ğ—ºğ—®ğ—¹ğ—®ğ—¯ğ—®ğ˜€ ğ—”ğ—»ğ—´ ğ—•ğ—®ğ—¯ğ—®ğ—² ğ—¦ğ—® ğ—¦ğ—²ğ—½ğ˜ğ—¶ğ—° ğ—§ğ—®ğ—»ğ—¸? The times have called the kween... ğ—¦ğ—œğ—šğ—¡ ğ—¨ğ—£ ğ—§ğ—¢ ğ—§ğ—›ğ—˜ ğ—ªğ—”ğ—œğ—§ğ—Ÿğ—œğ—¦ğ—§ http:// bit.ly/PETASepticTank 4Waitlist â€¦ #PETASepticTank4 opens June 19 - August 16, 2025 at the PETA Theater Center.",2c92f9c608ab0528172bf6c42e95ed287ef15402da27f5dcefc5fb0b97afc2d1,0,0,0,0,scrape_twitter
211a4bec69d4513d,2025-12-02T06:11:10.000Z,twitter,competitor_mention,Dialog,Dialog Senja,https://x.com,,"""are u seriously going to cry just because you're stressed?"" me:",211a4bec69d4513d3e3bd895b416c3662d4f05cd5829c4aee8b247940bebae9f,0,0,0,0,scrape_twitter
57053d63f6f582c6,2025-11-24T14:53:54.000Z,twitter,competitor_mention,Dialog,Martin Klissarov,https://x.com,,"#BiggBossTamil9 #Kani making her mark strongly and gracefully as Saroja Devi OMG her slow walk, dialog delivery and her improvisation You go, Queen",57053d63f6f582c6374b44d759d1d9fc4759383fc11772072c2223fe78aba37e,0,0,0,0,scrape_twitter
aa9df904595f0a6d,2025-12-02T08:15:00.000Z,twitter,competitor_mention,Mobitel,Netcracker,https://x.com,,Long-term customer @slt_mobitel has consolidated its IT infrastructure on Netcracker Digital BSS to support billing and revenue management functions across its mobile and fixed lines of business and drive new and innovative services. https:// netcracker.com/news/press-rel eases/netcracker-completes-revenue-management-modernization-for-slt-mobitel.html â€¦ #revenue #BSS,aa9df904595f0a6ded636694f8e68b91ec86b03cc64246fd02ff6467820d30f2,0,0,0,0,scrape_twitter
940a9a61ca3dcdf5,2025-11-10T14:12:22.000Z,twitter,competitor_mention,Mobitel,Minnie,https://x.com,,The never ending internet issue with @slt_mobitel .. atleast try to fix it on time man. Shiiit,940a9a61ca3dcdf567642630b370b799f3bd1ef21717aab013c52acf70d4285d,0,0,0,0,scrape_twitter
bdbe1a2bb8c175a7,2025-12-03T04:21:08.000Z,twitter,competitor_mention,Mobitel,SLTMobitel,https://x.com,,Celebrating the heroes who kept the nation connected! Thank you for your unfailing dedication and commitment. #SLTMobitel #TheConnection #KeepingSriLankaConnected,bdbe1a2bb8c175a7d5d921381c49f32cf34c3aa47d262503bc38eda91119632e,0,0,0,0,scrape_twitter
a3b285db58b0d6e3,2025-11-30T04:18:33.000Z,twitter,competitor_mention,Mobitel,Rasal Jayasinghe,https://x.com,,"Mobitel, Hutch, and SLT Fibre services are currently down in my area",a3b285db58b0d6e364acf35c4bb91a7d14536a48b08c7eb9af6a734ff8286911,0,0,0,0,scrape_twitter
f03d1fc8acdf9e94,2025-11-29T08:11:15.000Z,twitter,competitor_mention,Mobitel,Prabhash Jayaweera,https://x.com,,"à·„à·”à¶ à·Š, à¶‰à¶¶à·’à¶§à·™à¶½à·Š à¶šà·’à¶º à¶šà·’à¶º à¶¶à·à¶±à·Šà¶±à¶§ à¶…à¶±à·Šà¶­à·’à¶¸à¶§ à¶´à·’à·„à·’à¶§ à·€à·”à¶«à·š à¶’ Hutch, Mobitel à¶¯à·™à¶š. Dialog à¶¯à·à¶±à·Š à¶¯à·€à·ƒà·Š à¶­à·”à¶±à¶ºà·’, no service. à¶…à¶­à·“à¶­à¶ºà¶­à·Š à¶‡à¶¯à¶ºà·’, à·€à¶»à·Šà¶­à¶¸à·à¶±à¶ºà¶­à·Š à¶‡à¶¯à¶ºà·’, à¶…à¶±à·à¶œà¶­à¶ºà¶­à·Š à¶‡à¶¯à¶§à¶¸ à¶­à¶¸à¶ºà·’. à¶¸à·š à¶¸à·à·ƒà·™ à¶¶à·’à¶½ à¶±à¶¸à·Š à¶œà·à¶±à¶§ à¶‘à·€à¶½à·.",f03d1fc8acdf9e94df450f3666a670dccb66b5295a0610af55527c4bd137d6ed,0,0,0,0,scrape_twitter
7ea9c77f4325dea8,2025-11-17T17:30:55.000Z,twitter,competitor_mention,Mobitel,Rasal Jayasinghe,https://x.com,,#Kandy Long queues seen at KCC to get a Mobitel Sim. Get it online: https:// esim.sltmobitel.lk/eSimCustomerPo rtal/#/ â€¦ Comes to your email in under 1 min. Stay safe! #WeatherUpdate #lka #SrilankaWeather #SriLankaFlood #CycloneDitwa,7ea9c77f4325dea82ac4526f0a8474a98c901355a0b7a11318a61b9f2f786e2d,0,0,0,0,scrape_twitter
be62241f657ead9f,2025-11-06T06:35:18.000Z,twitter,competitor_mention,Mobitel,SLTMobitel,https://x.com,,"Binge your favourite Netflix shows without worrying about DATA! Stay connected with Mobitel 1598 and enjoy Nonstop DATA for Netflix + 8 more apps - giving you 300% more value, lowest price, and more benefits than ever! For more details: https:// l.ead.me/mobitel1598 #Mobitel1598",be62241f657ead9fc592201e4160418ff594f3aad4aa0254d126490692e45073,0,0,0,0,scrape_twitter
faee5e2bbf937864,2025-11-28T10:10:29.000Z,twitter,competitor_mention,Mobitel,Rasikalink ğ•,https://x.com,,"à¶†à¶´à¶¯à· à¶­à¶­à·Šà¶­à·Šà·€à¶º à¶±à·’à·ƒà· Voice,Data,SmS Free à¶½à¶¶à·à¶œà¶±à·Šà¶± à¶´à·”à·…à·”à·€à¶±à·Š - Dialog / Airtel #006# - Mobitel 7677 à¶§ YES à¶šà·’à¶ºà¶½à· Msg à¶‘à¶šà¶šà·Š à¶¯à·à¶±à·Šà¶±. - â Hutch *311# Dialog à¶±à¶¸à·Š à¶œà¶‚à·€à¶­à·”à¶» à¶­à·’à¶ºà¶± à¶´à·Šâ€à¶»à¶¯à·šà· à·€à¶½à¶§ à·€à·’à¶­à¶»à¶ºà·’ à¶½à·”.. à¶œà¶‚à·€à¶­à·”à¶» à¶­à·’à¶ºà¶± à¶´à·Šâ€à¶»à¶¯à·šà· à·€à¶½à¶­à·Š à·à·šà·‚à¶º à¶…à¶©à·” à¶…à¶ºà¶§ à·€à·’à¶­à¶»à¶ºà·’ à·€à¶œà·š",faee5e2bbf937864444f31f55ac259de7a5a4968836456cf2b7172c5aa46db2b,0,0,0,0,scrape_twitter
5667e13b61c17506,2025-11-30T14:31:47.000Z,twitter,competitor_mention,Mobitel,Shia,https://x.com,,"Ispao mi mobitel i pukao ekran dok sam napuÅ¡en i pijan plesao na koncertu Vesne PisaroviÄ‡ u Hvaru, Å¾ivim taj gusarski Å¾ivot 300 na sat, pleÅ¡em po rubu",5667e13b61c1750652592317f098714a9573743e17ee740f00069b373b60707c,0,0,0,0,scrape_twitter
b9f8391d0f85ccc2,2025-11-26T19:03:55.000Z,twitter,competitor_mention,Mobitel,DarijaKundih,https://x.com,,OsjeÄanka ostala bez 60 tisuÄ‡a eura nakon Å¡to je na mobitel instalirala ove aplikacije - http:// SiB.hr https:// share.google/A2iz9CqvV5mfhu S8i â€¦,b9f8391d0f85ccc2bb7927a44410c7fd730567f2da16755c70c3fe21d1787547,0,0,0,0,scrape_twitter
1pd13qc,1764759188.0,reddit,competitor_mention,Dialog,MamboJambo9,https://www.reddit.com/r/SurveyExchange/comments/1pd13qc/short_survey_on_how_people_react_to_stockouts_45/,Short survey on how people react to stockouts. 4-5 min,"Basically, the survey is about how people react when they find that the item they wanted is out of stock. I'm taking emotions such as anger and disappointment into equation too.

Happy to do your survey too, just post it in the comments. I have a full day ahead of me ğŸ˜‰ 

I need 100 more respondents and I have 2 days to collect them. 

Url:

https://docs.google.com/forms/d/e/1FAIpQLSdMoJd-UWpBjkicmSPujignKQhY5KVucZiFSX-n1bo_oZwJcg/viewform?usp=dialog


Short url:

https://forms.gle/cB4TwhVmYJCVQY",bf56f617d2d709d84bcb64c012a271fdffc8d9fdf78e9e01e05a611566028997,1,0,0,0,scrape_reddit
1pd1305,1764759109.0,reddit,competitor_mention,Dialog,Tenbob73,https://www.reddit.com/r/EuroTruck2/comments/1pd1305/help/,Help!?,"Just bought ETS2 for Steam Deck and done the driving academy. Now out on my first job and this pops up. I have pressed the button to see where I am and where I am going but the dialog box doesn't disappear ğŸ¤·ğŸ»â€â™‚ï¸. Also, Sat nav is a tiny wee cockpit display, I have seen this bigger in videos I have watched, how do I activate that?

Thanks!",75d6acfebf8a79311d8c8d32e3f8b60ce5d87dbc8f15117af706bde3b7855aa3,0,0,0,0,scrape_reddit
1pd0xrd,1764758564.0,reddit,competitor_mention,Dialog,StoffeH,https://www.reddit.com/r/svenskpolitik/comments/1pd0xrd/uppsala_feltolkade_kÃ¶bidrag_tog_beslut_pÃ¥/,Uppsala feltolkade kÃ¶bidrag â€“ tog beslut pÃ¥ oriktiga grunder,"**TjÃ¤nstemÃ¤n och politiker i Region Uppsala har missuppfattat villkoren i regeringens kÃ¶satsning.**  
**â€Genantâ€, kommenterar en ledande politiker nÃ¤r Dagens Medicin pÃ¥talar missen.**  
**âœ“ HÃ¤lso- och sjukvÃ¥rdsdirektÃ¶ren: â€Har varit vÃ¤ldigt svÃ¥rt att tolkaâ€**

**Regeringens riktade statsbidrag**Â fÃ¶r fler operationer av framfall, grÃ¥ starr och hÃ¶ftproteser under 2025 har utannonserats i flera vÃ¤ndor. Den fÃ¶rsta pÃ¥ 397 miljoner kronor blev i praktiken kravlÃ¶s, en mÃ¶jlig miss frÃ¥n socialdepartement",4345d8d6beed9c55a6968bac16d1c762b048279376f9273a52143a2344b812bb,2,0,0,1,scrape_reddit
bb90a014db222508,2025-07-02T05:41:59.000Z,industry_trends,market_intelligence,,Starlink,https://x.com,,"Starlink's high-speed, low-latency internet is now available in Sri Lanka! â†’ http:// starlink.com/srilanka",bb90a014db222508295f14f60be9c0a1aa4ec1c316ee4b20861d8a8358ca9805,0,0,0,0,scrape_twitter
082e4fcf7736f839,2025-12-03T10:25:32.000Z,industry_trends,market_intelligence,,Nikhil Pahwa,https://x.com,,"The government has issued a press release saying that it isnâ€™t mandatory for handset companies to install Sanchar Saathi. The government has no business infiltrating our phones. While this is a welcome move, the other directive for forcing SIM Binding on Social Media and",082e4fcf7736f8396a647d4efb5b95e92859b8a11231f3ad7ea394412a236bcb,0,0,0,0,scrape_twitter
e9c60cdba0a68fdc,2025-12-03T10:36:06.000Z,industry_trends,market_intelligence,,Spark Media,https://x.com,,#BREAKING | à®šà®à¯à®šà®¾à®°à¯ à®šà®¾à®¤à¯à®¤à®¿ à®•à®Ÿà¯à®Ÿà®¾à®¯à®®à®¿à®²à¯à®²à¯ˆ - à®®à¯Šà®ªà¯ˆà®²à¯ à®ªà¯‹à®©à¯ à®¤à®¯à®¾à®°à®¿à®ªà¯à®ªà¯ à®¨à®¿à®±à¯à®µà®©à®™à¯à®•à®³à¯à®•à¯à®•à¯ à®…à®³à®¿à®¤à¯à®¤ à®‰à®¤à¯à®¤à®°à®µà¯ˆ à®¤à®¿à®°à¯à®®à¯à®ª à®ªà¯†à®±à¯à®±à®¤à¯ à®’à®©à¯à®±à®¿à®¯ à®…à®°à®šà¯,e9c60cdba0a68fdcfdad49e171a99c35cd71e6be7a767a94f076a0fbc6000250,0,0,0,0,scrape_twitter
45ca2e6063aabe70,2025-12-03T10:42:19.000Z,industry_trends,market_intelligence,,SHAKTHI VISAKAN K S,https://x.com,,"Extremely disappointed with @airtelindia @Airtel_Presence . My home WiFi has been down for days and NO technician, NO follow-up, and customer care doesn't even bother to respond. Paying for ""service"" that never works. Absolute worst experience - people should be aware of Airtel.",45ca2e6063aabe701df7eb16324818a53411c5c14273f476b5c20fea88340f68,0,0,0,0,scrape_twitter
aa67e11830d72218,2025-12-03T10:44:20.000Z,industry_trends,market_intelligence,,Business Standard,https://x.com,,"I've been constantly complaining to TRC about Sri Lanka Telecom's 10-hour disconnection policy. Basically, every 10 hours, the fibre connection resets, resulting in loss of connectivity for a few minutes. This was very disruptive for things like online calls, when you're",aa67e11830d72218aae5295a74e94767b482afacb8b9eb53b71cfa93fc10e128,0,0,0,0,scrape_twitter
74a821544f337318,2025-12-03T10:44:20.000Z,industry_trends,market_intelligence,,Business Standard,https://x.com,,#BSEditorial | Recent telecom directives must be reconsidered; best way to combat cybercrime would be to foster awareness among users rather than to force SIM-binding and the pre-installation of an app. #SanchaarSaathi #Telecom #CyberSecurity #Editorial https:// mybs.in/2esKBT9,74a821544f3373180ebfd773fab2be53cf46a9e7fa719d5b6b326a467593519d,0,0,0,0,scrape_twitter
c14bc7c5a6beff51,2025-11-29T03:53:51.000Z,industry_trends,market_intelligence,,NewsWire,https://x.com,,"After Reliance group expressed interest in Sri Lankan Telecom privatisation, Sri Lanka President Ranil Wickremesinghe invited Indian firms to invest in state enterprises being re-structured.",c14bc7c5a6beff5198fc0f094bbded86dc7b3df2b9170475f0a1b066f4d0209e,0,0,0,0,scrape_twitter
e54714dff01eaf4e,2024-01-18T12:00:26.000Z,industry_trends,market_intelligence,,South Asian Digest,https://x.com,,"After Reliance group expressed interest in Sri Lankan Telecom privatisation, Sri Lanka President Ranil Wickremesinghe invited Indian firms to invest in state enterprises being re-structured.",e54714dff01eaf4eb6f47d7ff64300cd88f92cd998f2a84a4ce830db9f9339c2,0,0,0,0,scrape_twitter
a7204ff1331131d4,2025-11-29T03:53:51.000Z,industry_trends,market_intelligence,,NewsWire,https://x.com,,"Starlink has announced free service for all Sri Lankan customers affected by the severe flooding, valid until the end of December. Active and suspended accounts will receive automatic service credits to stay connected during the crisis. Starlink says its thoughts are with the",a7204ff1331131d45f0c86a4c8676fc578893c96f75be45fc228666e978be2bf,0,0,0,0,scrape_twitter
e75e15e90011825c,2025-12-03T04:15:02.000Z,industry_trends,market_intelligence,,NewsWire,https://x.com,,"Deputy Minister of Digital Economy, Eranga Weeraratne stated that the telephone and internet communication networks disrupted due to the recent disaster are expected to be fully restored by Thursday.",e75e15e90011825c2465617e3035c20e99d4014f8dbb53bfb3d0ee2281202db6,0,0,0,0,scrape_twitter
bf67e0781c02959d,2025-12-03T11:14:15.034793,facebook,profile_monitoring,SLTMobitel,SLTMobitel,https://www.facebook.com/SLTMobitel,,"Celebrating the heroes who kept the nation connected!
Thank you for your unfailing dedication and commitment.
#SLTMobitel #TheConnection #KeepingSriLankaConnected",bf67e0781c02959db5052bdd8bfe763b2c6f4d8a49e468d26e4790ef9716ecea,0,0,0,0,scrape_facebook_profile
19c9be858ab0db80,2025-12-03T11:14:15.456050,facebook,profile_monitoring,SLTMobitel,SLTMobitel,https://www.facebook.com/SLTMobitel,,"300% à¶šà·Š à·€à·à¶©à·’ à·€à·à·ƒà·’ à¶¯à·™à¶± MOBITEL 1598 Package à¶‘à¶šà¶§ à¶”à¶¶à¶­à·Š à¶…à¶¯à¶¸ connect à·€à¶±à·Šà¶±!
TikTok, Netflix, Spotify, Facebook, YouTube, Instagram, WhatsApp, Messenger à·ƒà·„ FaceTime à¶‡à¶­à·”à·…à·” à¶”à¶¶à·š à¶´à·Šâ€à¶»à·’à¶ºà¶­à¶¸ Social Media Apps 9 à·ƒà¶³à·„à· NONSTOP DATA, à¶Šà¶§ à¶…à¶¸à¶­à¶»à·€ 40GB Extra Anytime DATA!
à¶­à·€ à¶•à¶±à·‘à¶¸ à¶¢à·à¶½à¶ºà¶šà¶§ Unlimited Calls à·ƒà¶¸à¶Ÿ SMS 1000 à¶šà·Š à¶»à·”à¶´à·’à¶ºà¶½à·Š 1,598 à¶šà¶§...
ğŸ‘‰ à·€à·à¶©à·’ à·€à·’à·ƒà·Šà¶­à¶» à·ƒà¶³à·„à· : https://l.ead.me/mobitel1598
#Mobitel #Mobitel1598 #NonstopDATA #UnlimitedCalls #TikTok #Netflix #Spotify",19c9be858ab0db803faa561f8a28b2e75c7b6e4e2bb198cb7dfa55c78035207d,0,0,0,0,scrape_facebook_profile
68763b7d3d30ea53,2025-12-03T11:14:15.932873,facebook,profile_monitoring,SLTMobitel,SLTMobitel,https://www.facebook.com/SLTMobitel,,"à¶»à¶§ à¶´à·”à¶»à· à¶ºà¶± SLTMobitel Fibre Rush à¶§à·Šâ€à¶»à¶šà·Š à¶‘à¶šà¶­à·Š à¶‘à¶šà·Šà¶š à¶‘à¶šà¶­à·” à·€à·™à¶½à· 20GB à¶¯à·’à¶±à·à¶œà¶±à·Šà¶± à¶”à¶¶à¶§à¶­à·Š à¶…à·€à·ƒà·Šà¶®à·à·€à¶šà·Š... à¶”à¶¶à·š à¶±à¶œà¶»à¶ºà¶§ à¶´à·à¶¸à·’à¶«à·™ Fibre Rush à¶§à·Šâ€à¶»à¶šà·Š à¶‘à¶šà·š Photo booth à¶‘à¶šà¶§ à¶œà·’à·„à·’à¶±à·Š à¶”à¶ºà·à¶œâ€à·™à·Š Photo à¶‘à¶šà¶šà·Š à¶…à¶»à¶œà·™à¶± à¶¸à·š Post à¶‘à¶šà¶§ #SLTMobitel #FiberRush #location à·„à·‘à·‚à·Š à¶§à·à¶œà·Š Add à¶šà¶»à¶½à· Photo comment à¶‘à¶šà¶šà·Š à¶¯à·à¶± à¶œà¶¸à¶±à·Š Page à¶‘à¶š Follow à¶šà¶»à¶±à·Šà¶±. à¶¯à·’à¶±à·”à¶¸à·Š à¶‡à¶³à·“à¶¸à·™à¶±à·Š à¶­à·à¶»à·à¶œà¶±à·Šà¶± à¶¢à¶ºà¶œà·Šâ€à¶»à·à·„à¶šà¶ºà¶±à·Šà¶§ 20GBà¶šà·Š à¶½à¶¶à·à¶¯à·™à¶±à·Šà¶± SLTMobitel à¶…à¶´à·’ à·ƒà·–à¶¯à·à¶±à¶¸à·Š.
*à¶šà·œà¶±à·Šà¶¯à·šà·ƒà·’ à·ƒà·„à·’à¶­à¶ºà·’
#SLTMobitel #FibreRush #LimitedOffer",68763b7d3d30ea5394ee8aec9541e6fa4c865903fc7fd62fddf5efdc8b5d8b18,0,0,0,0,scrape_facebook_profile
01fd06311d8bf2f9,2025-12-03T11:14:16.546955,facebook,profile_monitoring,SLTMobitel,(Unknown),https://www.facebook.com/SLTMobitel,,"Introducing FREE 247 Helpline by SLTMobitel in collaboration with the University of Colombo (UOC), providing expert medical advice to flood affected communities island â€¦ See more",01fd06311d8bf2f93fec02b505dba8cd9b878ba79d17d557ef7c3b0900b0bac9,0,0,0,0,scrape_facebook_profile
c57233c9b9c1158d,2025-11-11T11:35:56.000Z,twitter,competitor_mention,Dialog,NewsWire,https://x.com,,"A new water-cleaning robot, introduced by the Ministry of Environment and Dialog, is now tackling surface pollution 24/7, autonomously collecting floating waste and monitoring water quality to help fight environmental pollution.",c57233c9b9c1158d20d317636ea0dbe97ccd80f3640b32745a76147d4137a804,0,0,0,0,scrape_twitter
f2d1826e6330148a,2025-12-01T06:15:24.000Z,twitter,competitor_mention,Dialog,Dialog Senja,https://x.com,,"Believe me, a man who keeps his lady informed is a man who values her, her time, and the place she holds in his life n that will always be top tier for a woman",f2d1826e6330148a7142a0277c1a07a786535d7358a756718ba9ac2d1966e732,0,0,0,0,scrape_twitter
dcb424ebb4c9b3dd,2025-11-29T07:38:21.000Z,twitter,competitor_mention,Dialog,Prabhash Jayaweera,https://x.com,,"never imagined iâ€™d end up acting as cinta with El Putra (tebak dialog) it still feels unreal to me (crying, screaming, shaking, throwing up, pingsan)",dcb424ebb4c9b3dd7692e228ac90611fefc11ffb20d1f8fadb1b7086105b6c0d,0,0,0,0,scrape_twitter
98e7b76e61d8b3c2,2025-11-26T06:33:07.000Z,twitter,competitor_mention,Dialog,Dialog Senja,https://x.com,,Sri Lankans vote Dialog as the Telecommunication Brand of the Year for the 12th consecutive year at the SLIM KANTAR People's Awards 2023,98e7b76e61d8b3c299a71a1c3a74cb1ee66853b57161c0d61611ca6d378fe3fd,0,0,0,0,scrape_twitter
26dafc180450d30f,2025-12-03T03:13:47.000Z,twitter,competitor_mention,Dialog,Dialog Senja,https://x.com,,"are u the type of person who replies to chats with a ""fast response"" or a ""slow response"" ?",26dafc180450d30f929a544716c0674d917eddc974da7f1df458d7deee047c95,0,0,0,0,scrape_twitter
435693c510d83365,2025-11-26T17:17:36.000Z,twitter,competitor_mention,Dialog,Sri Lanka Tweet,https://x.com,,THGTWT 2025 CENSUS!! pls rt so more ppl can participate! open to everyone!! (form will close the last week of dec) link: https:// docs.google.com/forms/d/e/1FAI pQLSf7KkOCEcWNUU7DO-91A9DbJ55gYqovGrKEDAph5Z1C00S4KQ/viewform?usp=dialog â€¦,435693c510d8336515f72285abb25cb0a36051b43d6a0de082a1cb516bf7b577,0,0,0,0,scrape_twitter
deae428b4c9211bc,2015-10-20T01:09:02.000Z,twitter,competitor_mention,Dialog,Sri Lanka Tweet,https://x.com,,DIALOG People's Player Legend Kumar Sangakkara & Cricketer of the Year Angelo Mathews @ #DialogAwards #LKA #SriLanka,deae428b4c9211bc949f132b15c13c2229669feac1c442d1ed4da9c605dadcce,0,0,0,0,scrape_twitter
2c92f9c608ab0528,2025-11-30T14:54:18.000Z,twitter,competitor_mention,Dialog,ç«¹éœ–,https://x.com,,"ğ—ğ—®ğ—¶ğ—¹ğ—®ğ—» ğ—¯ğ—® ğ—¹ğ˜‚ğ—ºğ—®ğ—¹ğ—®ğ—¯ğ—®ğ˜€ ğ—”ğ—»ğ—´ ğ—•ğ—®ğ—¯ğ—®ğ—² ğ—¦ğ—® ğ—¦ğ—²ğ—½ğ˜ğ—¶ğ—° ğ—§ğ—®ğ—»ğ—¸? The times have called the kween... ğ—¦ğ—œğ—šğ—¡ ğ—¨ğ—£ ğ—§ğ—¢ ğ—§ğ—›ğ—˜ ğ—ªğ—”ğ—œğ—§ğ—Ÿğ—œğ—¦ğ—§ http:// bit.ly/PETASepticTank 4Waitlist â€¦ #PETASepticTank4 opens June 19 - August 16, 2025 at the PETA Theater Center.",2c92f9c608ab0528172bf6c42e95ed287ef15402da27f5dcefc5fb0b97afc2d1,0,0,0,0,scrape_twitter
211a4bec69d4513d,2025-12-02T06:11:10.000Z,twitter,competitor_mention,Dialog,Dialog Senja,https://x.com,,"""are u seriously going to cry just because you're stressed?"" me:",211a4bec69d4513d3e3bd895b416c3662d4f05cd5829c4aee8b247940bebae9f,0,0,0,0,scrape_twitter
57053d63f6f582c6,2025-11-24T14:53:54.000Z,twitter,competitor_mention,Dialog,Martin Klissarov,https://x.com,,"#BiggBossTamil9 #Kani making her mark strongly and gracefully as Saroja Devi OMG her slow walk, dialog delivery and her improvisation You go, Queen",57053d63f6f582c6374b44d759d1d9fc4759383fc11772072c2223fe78aba37e,0,0,0,0,scrape_twitter
aa9df904595f0a6d,2025-12-02T08:15:00.000Z,twitter,competitor_mention,Mobitel,Netcracker,https://x.com,,Long-term customer @slt_mobitel has consolidated its IT infrastructure on Netcracker Digital BSS to support billing and revenue management functions across its mobile and fixed lines of business and drive new and innovative services. https:// netcracker.com/news/press-rel eases/netcracker-completes-revenue-management-modernization-for-slt-mobitel.html â€¦ #revenue #BSS,aa9df904595f0a6ded636694f8e68b91ec86b03cc64246fd02ff6467820d30f2,0,0,0,0,scrape_twitter
940a9a61ca3dcdf5,2025-11-10T14:12:22.000Z,twitter,competitor_mention,Mobitel,Minnie,https://x.com,,The never ending internet issue with @slt_mobitel .. atleast try to fix it on time man. Shiiit,940a9a61ca3dcdf567642630b370b799f3bd1ef21717aab013c52acf70d4285d,0,0,0,0,scrape_twitter
bdbe1a2bb8c175a7,2025-12-03T04:21:08.000Z,twitter,competitor_mention,Mobitel,SLTMobitel,https://x.com,,Celebrating the heroes who kept the nation connected! Thank you for your unfailing dedication and commitment. #SLTMobitel #TheConnection #KeepingSriLankaConnected,bdbe1a2bb8c175a7d5d921381c49f32cf34c3aa47d262503bc38eda91119632e,0,0,0,0,scrape_twitter
a3b285db58b0d6e3,2025-11-30T04:18:33.000Z,twitter,competitor_mention,Mobitel,Rasal Jayasinghe,https://x.com,,"Mobitel, Hutch, and SLT Fibre services are currently down in my area",a3b285db58b0d6e364acf35c4bb91a7d14536a48b08c7eb9af6a734ff8286911,0,0,0,0,scrape_twitter
f03d1fc8acdf9e94,2025-11-29T08:11:15.000Z,twitter,competitor_mention,Mobitel,Prabhash Jayaweera,https://x.com,,"à·„à·”à¶ à·Š, à¶‰à¶¶à·’à¶§à·™à¶½à·Š à¶šà·’à¶º à¶šà·’à¶º à¶¶à·à¶±à·Šà¶±à¶§ à¶…à¶±à·Šà¶­à·’à¶¸à¶§ à¶´à·’à·„à·’à¶§ à·€à·”à¶«à·š à¶’ Hutch, Mobitel à¶¯à·™à¶š. Dialog à¶¯à·à¶±à·Š à¶¯à·€à·ƒà·Š à¶­à·”à¶±à¶ºà·’, no service. à¶…à¶­à·“à¶­à¶ºà¶­à·Š à¶‡à¶¯à¶ºà·’, à·€à¶»à·Šà¶­à¶¸à·à¶±à¶ºà¶­à·Š à¶‡à¶¯à¶ºà·’, à¶…à¶±à·à¶œà¶­à¶ºà¶­à·Š à¶‡à¶¯à¶§à¶¸ à¶­à¶¸à¶ºà·’. à¶¸à·š à¶¸à·à·ƒà·™ à¶¶à·’à¶½ à¶±à¶¸à·Š à¶œà·à¶±à¶§ à¶‘à·€à¶½à·.",f03d1fc8acdf9e94df450f3666a670dccb66b5295a0610af55527c4bd137d6ed,0,0,0,0,scrape_twitter
7ea9c77f4325dea8,2025-11-17T17:30:55.000Z,twitter,competitor_mention,Mobitel,Rasal Jayasinghe,https://x.com,,#Kandy Long queues seen at KCC to get a Mobitel Sim. Get it online: https:// esim.sltmobitel.lk/eSimCustomerPo rtal/#/ â€¦ Comes to your email in under 1 min. Stay safe! #WeatherUpdate #lka #SrilankaWeather #SriLankaFlood #CycloneDitwa,7ea9c77f4325dea82ac4526f0a8474a98c901355a0b7a11318a61b9f2f786e2d,0,0,0,0,scrape_twitter
be62241f657ead9f,2025-11-06T06:35:18.000Z,twitter,competitor_mention,Mobitel,SLTMobitel,https://x.com,,"Binge your favourite Netflix shows without worrying about DATA! Stay connected with Mobitel 1598 and enjoy Nonstop DATA for Netflix + 8 more apps - giving you 300% more value, lowest price, and more benefits than ever! For more details: https:// l.ead.me/mobitel1598 #Mobitel1598",be62241f657ead9fc592201e4160418ff594f3aad4aa0254d126490692e45073,0,0,0,0,scrape_twitter
faee5e2bbf937864,2025-11-28T10:10:29.000Z,twitter,competitor_mention,Mobitel,Rasikalink ğ•,https://x.com,,"à¶†à¶´à¶¯à· à¶­à¶­à·Šà¶­à·Šà·€à¶º à¶±à·’à·ƒà· Voice,Data,SmS Free à¶½à¶¶à·à¶œà¶±à·Šà¶± à¶´à·”à·…à·”à·€à¶±à·Š - Dialog / Airtel #006# - Mobitel 7677 à¶§ YES à¶šà·’à¶ºà¶½à· Msg à¶‘à¶šà¶šà·Š à¶¯à·à¶±à·Šà¶±. - â Hutch *311# Dialog à¶±à¶¸à·Š à¶œà¶‚à·€à¶­à·”à¶» à¶­à·’à¶ºà¶± à¶´à·Šâ€à¶»à¶¯à·šà· à·€à¶½à¶§ à·€à·’à¶­à¶»à¶ºà·’ à¶½à·”.. à¶œà¶‚à·€à¶­à·”à¶» à¶­à·’à¶ºà¶± à¶´à·Šâ€à¶»à¶¯à·šà· à·€à¶½à¶­à·Š à·à·šà·‚à¶º à¶…à¶©à·” à¶…à¶ºà¶§ à·€à·’à¶­à¶»à¶ºà·’ à·€à¶œà·š",faee5e2bbf937864444f31f55ac259de7a5a4968836456cf2b7172c5aa46db2b,0,0,0,0,scrape_twitter
5667e13b61c17506,2025-11-30T14:31:47.000Z,twitter,competitor_mention,Mobitel,Shia,https://x.com,,"Ispao mi mobitel i pukao ekran dok sam napuÅ¡en i pijan plesao na koncertu Vesne PisaroviÄ‡ u Hvaru, Å¾ivim taj gusarski Å¾ivot 300 na sat, pleÅ¡em po rubu",5667e13b61c1750652592317f098714a9573743e17ee740f00069b373b60707c,0,0,0,0,scrape_twitter
b9f8391d0f85ccc2,2025-11-26T19:03:55.000Z,twitter,competitor_mention,Mobitel,DarijaKundih,https://x.com,,OsjeÄanka ostala bez 60 tisuÄ‡a eura nakon Å¡to je na mobitel instalirala ove aplikacije - http:// SiB.hr https:// share.google/A2iz9CqvV5mfhu S8i â€¦,b9f8391d0f85ccc2bb7927a44410c7fd730567f2da16755c70c3fe21d1787547,0,0,0,0,scrape_twitter
1pd13qc,1764759188.0,reddit,competitor_mention,Dialog,MamboJambo9,https://www.reddit.com/r/SurveyExchange/comments/1pd13qc/short_survey_on_how_people_react_to_stockouts_45/,Short survey on how people react to stockouts. 4-5 min,"Basically, the survey is about how people react when they find that the item they wanted is out of stock. I'm taking emotions such as anger and disappointment into equation too.

Happy to do your survey too, just post it in the comments. I have a full day ahead of me ğŸ˜‰ 

I need 100 more respondents and I have 2 days to collect them. 

Url:

https://docs.google.com/forms/d/e/1FAIpQLSdMoJd-UWpBjkicmSPujignKQhY5KVucZiFSX-n1bo_oZwJcg/viewform?usp=dialog


Short url:

https://forms.gle/cB4TwhVmYJCVQY",bf56f617d2d709d84bcb64c012a271fdffc8d9fdf78e9e01e05a611566028997,1,0,0,0,scrape_reddit
1pd1305,1764759109.0,reddit,competitor_mention,Dialog,Tenbob73,https://www.reddit.com/r/EuroTruck2/comments/1pd1305/help/,Help!?,"Just bought ETS2 for Steam Deck and done the driving academy. Now out on my first job and this pops up. I have pressed the button to see where I am and where I am going but the dialog box doesn't disappear ğŸ¤·ğŸ»â€â™‚ï¸. Also, Sat nav is a tiny wee cockpit display, I have seen this bigger in videos I have watched, how do I activate that?

Thanks!",75d6acfebf8a79311d8c8d32e3f8b60ce5d87dbc8f15117af706bde3b7855aa3,0,0,0,0,scrape_reddit
1pd0xrd,1764758564.0,reddit,competitor_mention,Dialog,StoffeH,https://www.reddit.com/r/svenskpolitik/comments/1pd0xrd/uppsala_feltolkade_kÃ¶bidrag_tog_beslut_pÃ¥/,Uppsala feltolkade kÃ¶bidrag â€“ tog beslut pÃ¥ oriktiga grunder,"**TjÃ¤nstemÃ¤n och politiker i Region Uppsala har missuppfattat villkoren i regeringens kÃ¶satsning.**  
**â€Genantâ€, kommenterar en ledande politiker nÃ¤r Dagens Medicin pÃ¥talar missen.**  
**âœ“ HÃ¤lso- och sjukvÃ¥rdsdirektÃ¶ren: â€Har varit vÃ¤ldigt svÃ¥rt att tolkaâ€**

**Regeringens riktade statsbidrag**Â fÃ¶r fler operationer av framfall, grÃ¥ starr och hÃ¶ftproteser under 2025 har utannonserats i flera vÃ¤ndor. Den fÃ¶rsta pÃ¥ 397 miljoner kronor blev i praktiken kravlÃ¶s, en mÃ¶jlig miss frÃ¥n socialdepartement",4345d8d6beed9c55a6968bac16d1c762b048279376f9273a52143a2344b812bb,2,0,0,1,scrape_reddit
bb90a014db222508,2025-07-02T05:41:59.000Z,industry_trends,market_intelligence,,Starlink,https://x.com,,"Starlink's high-speed, low-latency internet is now available in Sri Lanka! â†’ http:// starlink.com/srilanka",bb90a014db222508295f14f60be9c0a1aa4ec1c316ee4b20861d8a8358ca9805,0,0,0,0,scrape_twitter
082e4fcf7736f839,2025-12-03T10:25:32.000Z,industry_trends,market_intelligence,,Nikhil Pahwa,https://x.com,,"The government has issued a press release saying that it isnâ€™t mandatory for handset companies to install Sanchar Saathi. The government has no business infiltrating our phones. While this is a welcome move, the other directive for forcing SIM Binding on Social Media and",082e4fcf7736f8396a647d4efb5b95e92859b8a11231f3ad7ea394412a236bcb,0,0,0,0,scrape_twitter
e9c60cdba0a68fdc,2025-12-03T10:36:06.000Z,industry_trends,market_intelligence,,Spark Media,https://x.com,,#BREAKING | à®šà®à¯à®šà®¾à®°à¯ à®šà®¾à®¤à¯à®¤à®¿ à®•à®Ÿà¯à®Ÿà®¾à®¯à®®à®¿à®²à¯à®²à¯ˆ - à®®à¯Šà®ªà¯ˆà®²à¯ à®ªà¯‹à®©à¯ à®¤à®¯à®¾à®°à®¿à®ªà¯à®ªà¯ à®¨à®¿à®±à¯à®µà®©à®™à¯à®•à®³à¯à®•à¯à®•à¯ à®…à®³à®¿à®¤à¯à®¤ à®‰à®¤à¯à®¤à®°à®µà¯ˆ à®¤à®¿à®°à¯à®®à¯à®ª à®ªà¯†à®±à¯à®±à®¤à¯ à®’à®©à¯à®±à®¿à®¯ à®…à®°à®šà¯,e9c60cdba0a68fdcfdad49e171a99c35cd71e6be7a767a94f076a0fbc6000250,0,0,0,0,scrape_twitter
45ca2e6063aabe70,2025-12-03T10:42:19.000Z,industry_trends,market_intelligence,,SHAKTHI VISAKAN K S,https://x.com,,"Extremely disappointed with @airtelindia @Airtel_Presence . My home WiFi has been down for days and NO technician, NO follow-up, and customer care doesn't even bother to respond. Paying for ""service"" that never works. Absolute worst experience - people should be aware of Airtel.",45ca2e6063aabe701df7eb16324818a53411c5c14273f476b5c20fea88340f68,0,0,0,0,scrape_twitter
aa67e11830d72218,2025-12-03T10:44:20.000Z,industry_trends,market_intelligence,,Business Standard,https://x.com,,"I've been constantly complaining to TRC about Sri Lanka Telecom's 10-hour disconnection policy. Basically, every 10 hours, the fibre connection resets, resulting in loss of connectivity for a few minutes. This was very disruptive for things like online calls, when you're",aa67e11830d72218aae5295a74e94767b482afacb8b9eb53b71cfa93fc10e128,0,0,0,0,scrape_twitter
74a821544f337318,2025-12-03T10:44:20.000Z,industry_trends,market_intelligence,,Business Standard,https://x.com,,#BSEditorial | Recent telecom directives must be reconsidered; best way to combat cybercrime would be to foster awareness among users rather than to force SIM-binding and the pre-installation of an app. #SanchaarSaathi #Telecom #CyberSecurity #Editorial https:// mybs.in/2esKBT9,74a821544f3373180ebfd773fab2be53cf46a9e7fa719d5b6b326a467593519d,0,0,0,0,scrape_twitter
c14bc7c5a6beff51,2025-11-29T03:53:51.000Z,industry_trends,market_intelligence,,NewsWire,https://x.com,,"After Reliance group expressed interest in Sri Lankan Telecom privatisation, Sri Lanka President Ranil Wickremesinghe invited Indian firms to invest in state enterprises being re-structured.",c14bc7c5a6beff5198fc0f094bbded86dc7b3df2b9170475f0a1b066f4d0209e,0,0,0,0,scrape_twitter
e54714dff01eaf4e,2024-01-18T12:00:26.000Z,industry_trends,market_intelligence,,South Asian Digest,https://x.com,,"After Reliance group expressed interest in Sri Lankan Telecom privatisation, Sri Lanka President Ranil Wickremesinghe invited Indian firms to invest in state enterprises being re-structured.",e54714dff01eaf4eb6f47d7ff64300cd88f92cd998f2a84a4ce830db9f9339c2,0,0,0,0,scrape_twitter
a7204ff1331131d4,2025-11-29T03:53:51.000Z,industry_trends,market_intelligence,,NewsWire,https://x.com,,"Starlink has announced free service for all Sri Lankan customers affected by the severe flooding, valid until the end of December. Active and suspended accounts will receive automatic service credits to stay connected during the crisis. Starlink says its thoughts are with the",a7204ff1331131d45f0c86a4c8676fc578893c96f75be45fc228666e978be2bf,0,0,0,0,scrape_twitter
e75e15e90011825c,2025-12-03T04:15:02.000Z,industry_trends,market_intelligence,,NewsWire,https://x.com,,"Deputy Minister of Digital Economy, Eranga Weeraratne stated that the telephone and internet communication networks disrupted due to the recent disaster are expected to be fully restored by Thursday.",e75e15e90011825c2465617e3035c20e99d4014f8dbb53bfb3d0ee2281202db6,0,0,0,0,scrape_twitter
bf67e0781c02959d,2025-12-03T11:14:32.219610,facebook,profile_monitoring,SLTMobitel,SLTMobitel,https://www.facebook.com/SLTMobitel,,"Celebrating the heroes who kept the nation connected!
Thank you for your unfailing dedication and commitment.
#SLTMobitel #TheConnection #KeepingSriLankaConnected",bf67e0781c02959db5052bdd8bfe763b2c6f4d8a49e468d26e4790ef9716ecea,0,0,0,0,scrape_facebook_profile
19c9be858ab0db80,2025-12-03T11:14:32.602862,facebook,profile_monitoring,SLTMobitel,SLTMobitel,https://www.facebook.com/SLTMobitel,,"300% à¶šà·Š à·€à·à¶©à·’ à·€à·à·ƒà·’ à¶¯à·™à¶± MOBITEL 1598 Package à¶‘à¶šà¶§ à¶”à¶¶à¶­à·Š à¶…à¶¯à¶¸ connect à·€à¶±à·Šà¶±!
TikTok, Netflix, Spotify, Facebook, YouTube, Instagram, WhatsApp, Messenger à·ƒà·„ FaceTime à¶‡à¶­à·”à·…à·” à¶”à¶¶à·š à¶´à·Šâ€à¶»à·’à¶ºà¶­à¶¸ Social Media Apps 9 à·ƒà¶³à·„à· NONSTOP DATA, à¶Šà¶§ à¶…à¶¸à¶­à¶»à·€ 40GB Extra Anytime DATA!
à¶­à·€ à¶•à¶±à·‘à¶¸ à¶¢à·à¶½à¶ºà¶šà¶§ Unlimited Calls à·ƒà¶¸à¶Ÿ SMS 1000 à¶šà·Š à¶»à·”à¶´à·’à¶ºà¶½à·Š 1,598 à¶šà¶§...
ğŸ‘‰ à·€à·à¶©à·’ à·€à·’à·ƒà·Šà¶­à¶» à·ƒà¶³à·„à· : https://l.ead.me/mobitel1598
#Mobitel #Mobitel1598 #NonstopDATA #UnlimitedCalls #TikTok #Netflix #Spotify",19c9be858ab0db803faa561f8a28b2e75c7b6e4e2bb198cb7dfa55c78035207d,0,0,0,0,scrape_facebook_profile
68763b7d3d30ea53,2025-12-03T11:14:33.001700,facebook,profile_monitoring,SLTMobitel,SLTMobitel,https://www.facebook.com/SLTMobitel,,"à¶»à¶§ à¶´à·”à¶»à· à¶ºà¶± SLTMobitel Fibre Rush à¶§à·Šâ€à¶»à¶šà·Š à¶‘à¶šà¶­à·Š à¶‘à¶šà·Šà¶š à¶‘à¶šà¶­à·” à·€à·™à¶½à· 20GB à¶¯à·’à¶±à·à¶œà¶±à·Šà¶± à¶”à¶¶à¶§à¶­à·Š à¶…à·€à·ƒà·Šà¶®à·à·€à¶šà·Š... à¶”à¶¶à·š à¶±à¶œà¶»à¶ºà¶§ à¶´à·à¶¸à·’à¶«à·™ Fibre Rush à¶§à·Šâ€à¶»à¶šà·Š à¶‘à¶šà·š Photo booth à¶‘à¶šà¶§ à¶œà·’à·„à·’à¶±à·Š à¶”à¶ºà·à¶œâ€à·™à·Š Photo à¶‘à¶šà¶šà·Š à¶…à¶»à¶œà·™à¶± à¶¸à·š Post à¶‘à¶šà¶§ #SLTMobitel #FiberRush #location à·„à·‘à·‚à·Š à¶§à·à¶œà·Š Add à¶šà¶»à¶½à· Photo comment à¶‘à¶šà¶šà·Š à¶¯à·à¶± à¶œà¶¸à¶±à·Š Page à¶‘à¶š Follow à¶šà¶»à¶±à·Šà¶±. à¶¯à·’à¶±à·”à¶¸à·Š à¶‡à¶³à·“à¶¸à·™à¶±à·Š à¶­à·à¶»à·à¶œà¶±à·Šà¶± à¶¢à¶ºà¶œà·Šâ€à¶»à·à·„à¶šà¶ºà¶±à·Šà¶§ 20GBà¶šà·Š à¶½à¶¶à·à¶¯à·™à¶±à·Šà¶± SLTMobitel à¶…à¶´à·’ à·ƒà·–à¶¯à·à¶±à¶¸à·Š.
*à¶šà·œà¶±à·Šà¶¯à·šà·ƒà·’ à·ƒà·„à·’à¶­à¶ºà·’
#SLTMobitel #FibreRush #LimitedOffer",68763b7d3d30ea5394ee8aec9541e6fa4c865903fc7fd62fddf5efdc8b5d8b18,0,0,0,0,scrape_facebook_profile
01fd06311d8bf2f9,2025-12-03T11:14:33.407072,facebook,profile_monitoring,SLTMobitel,(Unknown),https://www.facebook.com/SLTMobitel,,"Introducing FREE 247 Helpline by SLTMobitel in collaboration with the University of Colombo (UOC), providing expert medical advice to flood affected communities island â€¦ See more",01fd06311d8bf2f93fec02b505dba8cd9b878ba79d17d557ef7c3b0900b0bac9,0,0,0,0,scrape_facebook_profile
